Text,Label,Source,Sentiment,Predicted_Sentiment,Sentiment_Score
So there is no way for me to plug it in here in the US unless I go by a converter.,0,Amazon,Negative,Negative,-0.3535
"Good case, Excellent value.",1,Amazon,Positive,Positive,0.8402
Great for the jawbone.,1,Amazon,Positive,Positive,0.6249
Tied to charger for conversations lasting more than 45 minutes.MAJOR PROBLEMS!!,0,Amazon,Negative,Negative,-0.6145
The mic is great.,1,Amazon,Positive,Positive,0.6249
I have to jiggle the plug to get it to line up right to get decent volume.,0,Amazon,Negative,Neutral,0.0
"If you have several dozen or several hundred contacts, then imagine the fun of sending each of them one by one.",0,Amazon,Negative,Positive,0.5106
If you are Razr owner...you must have this!,1,Amazon,Positive,Neutral,0.0
"Needless to say, I wasted my money.",0,Amazon,Negative,Negative,-0.4939
What a waste of money and time!.,0,Amazon,Negative,Negative,-0.4753
And the sound quality is great.,1,Amazon,Positive,Positive,0.6249
He was very impressed when going from the original battery to the extended battery.,1,Amazon,Positive,Positive,0.6901
If the two were seperated by a mere 5+ ft I started to notice excessive static and garbled sound from the headset.,0,Amazon,Negative,Neutral,0.0
Very good quality though,1,Amazon,Positive,Positive,0.4927
"The design is very odd, as the ear ""clip"" is not very comfortable at all.",0,Amazon,Negative,Negative,-0.6717
Highly recommend for any one who has a blue tooth phone.,1,Amazon,Positive,Positive,0.4201
I advise EVERYONE DO NOT BE FOOLED!,0,Amazon,Negative,Positive,0.4622
So Far So Good!.,1,Amazon,Positive,Positive,0.6556
Works great!.,1,Amazon,Positive,Positive,0.6588
It clicks into place in a way that makes you wonder how long that mechanism would last.,0,Amazon,Negative,Neutral,0.0
"I went on Motorola's website and followed all directions, but could not get it to pair again.",0,Amazon,Negative,Neutral,0.0
I bought this to use with my Kindle Fire and absolutely loved it!,1,Amazon,Positive,Positive,0.474
The commercials are the most misleading.,0,Amazon,Negative,Negative,-0.4576
I have yet to run this new battery below two bars and that's three days without charging.,1,Amazon,Positive,Neutral,0.0
I bought it for my mother and she had a problem with the battery.,0,Amazon,Negative,Negative,-0.4019
Great Pocket PC / phone combination.,1,Amazon,Positive,Positive,0.6249
I've owned this phone for 7 months now and can say that it's the best mobile phone I've had.,1,Amazon,Positive,Positive,0.6369
I didn't think that the instructions provided were helpful to me.,0,Amazon,Negative,Positive,0.4215
People couldnt hear me talk and I had to pull out the earphone and talk on the phone.,0,Amazon,Negative,Neutral,0.0
Doesn't hold charge.,0,Amazon,Negative,Neutral,0.0
"This is a simple little phone to use, but the breakage is unacceptible.",0,Amazon,Negative,Neutral,0.0
This product is ideal for people like me whose ears are very sensitive.,1,Amazon,Positive,Positive,0.7096
It is unusable in a moving car at freeway speed.,0,Amazon,Negative,Positive,0.0516
I have two more years left in this contract and I hate this phone.,0,Amazon,Negative,Negative,-0.5719
Car charger as well as AC charger are included to make sure you never run out of juice.Highy recommended,1,Amazon,Positive,Positive,0.6369
You need at least 3 mins to get to your phone book from the time you first turn on the phone.Battery life is short.,0,Amazon,Negative,Neutral,0.0
It has kept up very well.,1,Amazon,Positive,Positive,0.3384
Poor Talk Time Performance.,0,Amazon,Negative,Negative,-0.4767
The case is great and works fine with the 680.,1,Amazon,Positive,Positive,0.7096
worthless product.,0,Amazon,Negative,Negative,-0.4404
"It has a great camera thats 2MP, and the pics are nice and clear with great picture quality.",1,Amazon,Positive,Positive,0.9274
I was not impressed by this product.,0,Amazon,Negative,Negative,-0.3724
Nice headset priced right.,1,Amazon,Positive,Positive,0.4215
I only hear garbage for audio.,0,Amazon,Negative,Neutral,0.0
Excellent bluetooth headset.,1,Amazon,Positive,Positive,0.5719
It has all the features I want,1,Amazon,Positive,Positive,0.0772
Who in their right mind is gonna buy this battery?.,0,Amazon,Negative,Neutral,0.0
AFTER ARGUING WITH VERIZON REGARDING THE DROPPED CALLS WE RETURNED THE PHONES AFTER TWO DAYS.,0,Amazon,Negative,Negative,-0.4588
This case seems well made.,1,Amazon,Positive,Positive,0.2732
Disappointed with battery.,0,Amazon,Negative,Negative,-0.4767
Not loud enough and doesn't turn on like it should.,0,Amazon,Negative,Negative,-0.2755
good protection and does not make phone too bulky.,1,Amazon,Positive,Positive,0.4404
A usable keyboard actually turns a PDA into a real-world useful machine instead of just a neat gadget.,1,Amazon,Positive,Positive,0.7096
This phone is pretty sturdy and I've never had any large problems with it.,1,Amazon,Positive,Positive,0.128
I love this thing!,1,Amazon,Positive,Positive,0.6696
Everything about it is fine and reasonable for the price i.e.,1,Amazon,Positive,Positive,0.2023
VERY DISAPPOINTED.,0,Amazon,Negative,Negative,-0.5256
I even dropped this phone into a stream and it was submerged for 15 seconds and it still works great!,1,Amazon,Positive,Positive,0.6588
I have been very happy with the 510 and have had NO complaints from any one regarding my sound quality on their end.,1,Amazon,Positive,Positive,0.6724
The buttons for on and off are bad.,0,Amazon,Negative,Negative,-0.5423
Essentially you can forget Microsoft's tech support.,0,Amazon,Negative,Positive,0.2023
"I really recommend this faceplates since it looks very nice, elegant and cool.",1,Amazon,Positive,Positive,0.8901
These headphones were a great find - and I think they are perhaps the best purchase I've made in the last several years - seriously.,1,Amazon,Positive,Positive,0.8225
Buy a different phone - but not this.,0,Amazon,Negative,Neutral,0.0
You have to hold the phone at a particular angle for the other party to hear you clearly.,0,Amazon,Negative,Positive,0.6597
The one big drawback of the MP3 player is that the buttons on the phone's front cover that let you pause and skip songs lock out after a few seconds.,0,Amazon,Negative,Neutral,0.0
"A week later after I activated it, it suddenly died.",0,Amazon,Negative,Negative,-0.5574
It feels more comfortable than most headsets because I wear glasses and that gets in the way sometimes.,1,Amazon,Positive,Positive,0.5563
Great for iPODs too.,1,Amazon,Positive,Positive,0.6249
This device is great in several situations:1.),1,Amazon,Positive,Positive,0.6249
Mic Doesn't work.,0,Amazon,Negative,Neutral,0.0
"Even in my BMW 3 series which is fairly quiet, I have trouble hearing what the other person is saying.",0,Amazon,Negative,Negative,-0.4019
Great choice!,1,Amazon,Positive,Positive,0.6588
Nice docking station for home or work.,1,Amazon,Positive,Positive,0.4215
This is a beautiful phone.,1,Amazon,Positive,Positive,0.5994
Love this product.,1,Amazon,Positive,Positive,0.6369
Do Not Buy for D807...wrongly advertised for D807.,0,Amazon,Negative,Neutral,0.0
This is a great little item.,1,Amazon,Positive,Positive,0.6249
"I love this phone , It is very handy and has a lot of features .",1,Amazon,Positive,Positive,0.6369
I purchased this and within 2 days it was no longer working!!!!!!!!!,0,Amazon,Negative,Negative,-0.5216
I wear it everyday and it holds up very well.,1,Amazon,Positive,Positive,0.3384
Not a good bargain.,0,Amazon,Negative,Negative,-0.4585
"Well packaged, arrived on time, and works as intended.",1,Amazon,Positive,Positive,0.2732
The battery runs down quickly.,0,Amazon,Negative,Neutral,0.0
"This item worked great, but it broke after 6 months of use.",0,Amazon,Negative,Negative,-0.2846
The headsets are easy to use and everyone loves them.,1,Amazon,Positive,Positive,0.765
This phone works great.,1,Amazon,Positive,Positive,0.6249
The construction of the headsets is poor.,0,Amazon,Negative,Negative,-0.4767
Product was excellent and works better than the verizon one and Boy was it cheaper!,1,Amazon,Positive,Positive,0.784
The phone loads super!,1,Amazon,Positive,Positive,0.636
"For a product that costs as much as this one does, I expect it to work far better and with greater ease than this thing does.",0,Amazon,Negative,Positive,0.7845
Made very sturdy.,1,Amazon,Positive,Neutral,0.0
Worked great!.,1,Amazon,Positive,Positive,0.6588
The ear buds only play music in one ear.,0,Amazon,Negative,Positive,0.34
Dont waste your money...,0,Amazon,Negative,Positive,0.3252
Will order from them again!,1,Amazon,Positive,Neutral,0.0
If you plan to use this in a car forget about it.,0,Amazon,Negative,Negative,-0.2263
I found this product to be waaay too big.,0,Amazon,Negative,Neutral,0.0
Best I've found so far .... I've tried 2 other bluetooths and this one has the best quality (for both me and the listener) as well as ease of using.,1,Amazon,Positive,Positive,0.9186
I'm very disappointed with my decision.,0,Amazon,Negative,Negative,-0.5256
Integrated seamlessly with the Motorola RAZR phone.,1,Amazon,Positive,Neutral,0.0
"Buyer Beware, you could flush money right down the toilet.",0,Amazon,Negative,Neutral,0.0
Definitely a bargain.,1,Amazon,Positive,Positive,0.5423
The price was very good and with the free shipping and all it was a good purchase.,1,Amazon,Positive,Positive,0.8553
I received my supposedly new motorola 375 and apparently there was not a match between the phone and the charger.,0,Amazon,Negative,Neutral,0.0
"Pros:-Good camera - very nice pictures , also has cool styles like black and white, and more.",1,Amazon,Positive,Positive,0.7841
"That's a huge design flaw (unless I'm not using it correctly, which I don't think is the case).",0,Amazon,Negative,Positive,0.3182
"I love my 350 headset.. My Jabra350 bluetooth headset is great, the reception is very good and the ear piece is a comfortable fit.",1,Amazon,Positive,Positive,0.9538
"The camera, although rated at an impressive 1.3 megapixels, renders images that fall well below expectations of such a relatively high resolution.",0,Amazon,Negative,Positive,0.6597
I purcashed this for the car charger and it does not work.,0,Amazon,Negative,Neutral,0.0
"Sound quality on both end is excellent, I use headset to call my wife and ask my wife to use headset to call me !2.",1,Amazon,Positive,Positive,0.6114
This phone is slim and light and the display is beautiful.,1,Amazon,Positive,Positive,0.5994
its a little geeky but i think thats its sex on toast and it rocks and oozes sex right down to its battery embedded sleek stylish leather case.,1,Amazon,Positive,Neutral,-0.0396
"Great product, fast shipping!.",1,Amazon,Positive,Positive,0.6588
Absolutely great.,1,Amazon,Positive,Positive,0.659
The keyboard is a nice compromise between a full QWERTY and the basic cell phone number keypad.,1,Amazon,Positive,Positive,0.4767
i got this phone around the end of may and i'm completely unhappy with it.,0,Amazon,Negative,Negative,-0.4754
It is very comfortable on the ear.,1,Amazon,Positive,Positive,0.5563
It has been a winner for us.,1,Amazon,Positive,Positive,0.5859
)Setup couldn't have been simpler.,1,Amazon,Positive,Neutral,0.0
I've tried several different earpieces for my cell phone and this Jabra one is the first one I've found that fits my ear comfortably.,1,Amazon,Positive,Positive,0.4215
Could not get strong enough signal.,0,Amazon,Negative,Negative,-0.4023
Iam very pleased with my purchase.,1,Amazon,Positive,Positive,0.4927
Bad Quality.,0,Amazon,Negative,Negative,-0.5423
Gets the job done.,1,Amazon,Positive,Neutral,0.0
Great audio!.,1,Amazon,Positive,Positive,0.6588
Basically the service was very bad.,0,Amazon,Negative,Negative,-0.5849
it did not work in my cell phone plug i am very up set with the charger!.,0,Amazon,Negative,Neutral,0.0
"I've only had my bluetooth for a few weeks, but I really like it.",1,Amazon,Positive,Positive,0.5704
The BT headset was such a disapoinment.,0,Amazon,Negative,Neutral,0.0
It is so small and you don't even realize that it is there after a while of getting used to it.,1,Amazon,Positive,Neutral,0.0
The accompanied software is almost brilliant.,1,Amazon,Positive,Positive,0.5434
Headset works great & was packaged nicely to avoid any damage.,1,Amazon,Positive,Positive,0.3818
!I definitly recommend!!,1,Amazon,Positive,Positive,0.5229
Buyer--Be Very Careful!!!!!.,0,Amazon,Negative,Positive,0.4698
The majority of the Logitech earbud headsets failed.,0,Amazon,Negative,Negative,-0.5106
Very good stuff for the price.,1,Amazon,Positive,Positive,0.4927
My headset works just peachy-keen.,1,Amazon,Positive,Neutral,0.0
In my house I was getting dropped coverage upstairs and no coverage in my basement.,0,Amazon,Negative,Negative,-0.296
Voice recognition is tremendous!,1,Amazon,Positive,Neutral,0.0
What a waste.,0,Amazon,Negative,Negative,-0.4215
"During several different 2 minute calls, I experienced 5 drops and it was in an area that had 5 bars.",0,Amazon,Negative,Neutral,0.0
I was not happy with this item.,0,Amazon,Negative,Negative,-0.4585
very disappointed.,0,Amazon,Negative,Negative,-0.5256
The phone takes FOREVER to charge like 2 to 5 hours literally.,0,Amazon,Negative,Positive,0.3612
I got this phone on reccomendation from a relative and I'm glad I did.,1,Amazon,Positive,Positive,0.4588
What a waste of time!,0,Amazon,Negative,Negative,-0.4753
Its reception is very very poor.,0,Amazon,Negative,Negative,-0.5678
Items stated as included from the description ARE NOT INCLUDED.,0,Amazon,Negative,Neutral,0.0
"After 3 months, screen just went black all of a sudden.",0,Amazon,Negative,Neutral,0.0
I Was Hoping for More.,0,Amazon,Negative,Positive,0.4215
"Audio Quality is poor, very poor.",0,Amazon,Negative,Negative,-0.7574
I had absolutely no problem with this headset linking to my 8530 Blackberry Curve!,1,Amazon,Positive,Positive,0.4804
"I know that sounds funny, but to me it seemed like sketchy technology that wouldn't work well.Well, this one works great.",1,Amazon,Positive,Positive,0.8968
I've bought $5 wired headphones that sound better than these.,0,Amazon,Negative,Positive,0.4404
This phone is very fast with sending any kind of messages and web browsing is significantly faster than previous phones i have used.,1,Amazon,Positive,Neutral,0.0
"Nice quality build, unlike some cheap s*** out there.",1,Amazon,Positive,Positive,0.4215
This item is fantastic and works perfectly!,1,Amazon,Positive,Positive,0.8439
And I just love the colors!,1,Amazon,Positive,Positive,0.6696
W810i is just SUPERB.,1,Amazon,Positive,Positive,0.7034
"All I can do is whine on the Internet, so here it goes.The more I use the thing the less I like it.",0,Amazon,Negative,Negative,-0.0717
Great charger.,1,Amazon,Positive,Positive,0.6249
This is essentially a communications tool that does not communicate.,0,Amazon,Negative,Neutral,0.0
Works like a charm; it work the same as the one I got with the phone.,1,Amazon,Positive,Positive,0.6369
"I still maintain that monkeys shouldn't make headphones, we just obviously don't share enough DNA to copy the design over to humans.",0,Amazon,Negative,Negative,-0.2235
Great Value.,1,Amazon,Positive,Positive,0.7579
Doesn't work at all.. I bougth it for my L7c and its not working.,0,Amazon,Negative,Neutral,0.0
"The look of it is very sharp and the screen is nice and clear, with great graphics.",1,Amazon,Positive,Positive,0.8591
doesn't last long.,0,Amazon,Negative,Neutral,0.0
One thing I hate is the mode set button at the side.,0,Amazon,Negative,Negative,-0.5719
EXCELLENT SERVICE!!!!!!!!.,1,Amazon,Positive,Positive,0.7067
Thank you for wasting my money.,0,Amazon,Negative,Negative,-0.0516
How can that be?The audio quality is poor.,0,Amazon,Negative,Negative,-0.4767
The iGo chargers and tips are really great.,1,Amazon,Positive,Positive,0.659
The file browser offers all the options that one needs.Handsfree is great.,1,Amazon,Positive,Positive,0.6249
Superb Phone on a Great Network.,1,Amazon,Positive,Positive,0.8481
"I connected my wife's bluetooth,(Motorola HS850) to my phone and it worked like a charm whether the phone was in my pocket or the case.",1,Amazon,Positive,Positive,0.6369
"I put the latest OS on it (v1.15g), and it now likes to slow to a crawl and lock up every once in a while.",0,Amazon,Negative,Positive,0.4215
It only recognizes the Phone as its storage device.,0,Amazon,Negative,Neutral,0.0
"If you like a loud buzzing to override all your conversations, then this phone is for you!",0,Amazon,Negative,Positive,0.4199
Don't buy this product.,0,Amazon,Negative,Neutral,0.0
I've had this bluetoooth headset for some time now and still not comfortable with the way it fits on the ear.,0,Amazon,Negative,Negative,-0.4023
The sound quality is good and functionality is awesome.,1,Amazon,Positive,Positive,0.7906
"I have this phone and it is a thorn in my side, I really abhor it.",0,Amazon,Negative,Negative,-0.5095
I recently had problems where I could not stay connected for more than 10 minutes before being disconnected.,0,Amazon,Negative,Negative,-0.4019
Incredible!.,1,Amazon,Positive,Neutral,0.0
Design Flaw?.,0,Amazon,Negative,Neutral,0.0
Great phone!.,1,Amazon,Positive,Positive,0.6588
Waste of 13 bucks.,0,Amazon,Negative,Negative,-0.4215
"But when I check voice mail at night, the keypad backlight turns off a few seconds into the first message, and then I'm lost.",0,Amazon,Negative,Negative,-0.4497
The replacement died in a few weeks.,0,Amazon,Negative,Negative,-0.5574
Any ring tone..Overall good phone to buy..,1,Amazon,Positive,Positive,0.4404
Lately they have been extremely nice and helpful on the phone.,1,Amazon,Positive,Positive,0.7316
I have had problems wit hit dropping signal and more.,0,Amazon,Negative,Negative,-0.4019
Not impressed.,0,Amazon,Negative,Negative,-0.3724
"Light weight, I hardly notice it is there.",1,Amazon,Positive,Neutral,0.0
You'll love how thin it is.,1,Amazon,Positive,Positive,0.6369
Bad Choice.,0,Amazon,Negative,Negative,-0.5423
The pleather case doesn't fit.,0,Amazon,Negative,Negative,-0.2755
"useless phone, simply deaf.",0,Amazon,Negative,Negative,-0.4215
"The color is even prettier than I thought it would be, and the graphics are incredibly sharp.",1,Amazon,Positive,Positive,0.4767
All in all I think it was a good investment.,1,Amazon,Positive,Positive,0.4404
It makes very strange ticking noises before it ends the call.,0,Amazon,Negative,Negative,-0.2716
The best electronics of the available FM Transmitters.,1,Amazon,Positive,Positive,0.6369
Battery lasts only a few hours.,0,Amazon,Negative,Neutral,0.0
"great headset, very impressed - H500.",1,Amazon,Positive,Positive,0.8173
"The ""1.2"" mega pixel camera, being a part of a phone, is reasonably good7.",1,Amazon,Positive,Neutral,0.0
I've had this for nearly 2 years and it has worked great for me.,1,Amazon,Positive,Positive,0.6249
Good transmit audio.,1,Amazon,Positive,Positive,0.4404
We are sending it back.,0,Amazon,Negative,Neutral,0.0
I did not bother contacting the company for few dollar product but I learned the lesson that I should not have bought this form online anyway.,0,Amazon,Negative,Positive,0.1326
"If you hate earbugs, avoid this phone by all means.",0,Amazon,Negative,Negative,-0.7096
Great price also!,1,Amazon,Positive,Positive,0.6588
"The range is very decent, I've been able to roam around my house with the phone in the living room with no reception/sound quality issues.",1,Amazon,Positive,Negative,-0.296
fast service.,1,Amazon,Positive,Neutral,0.0
I would highly recommend this.,1,Amazon,Positive,Positive,0.4201
I would recommend this.,1,Amazon,Positive,Positive,0.3612
"I also didn't like the ""on"" button, it felt like it would crack with use.",0,Amazon,Negative,Positive,0.1002
WORST PHONE EVER.,0,Amazon,Negative,Negative,-0.6249
I'm still infatuated with this phone.,1,Amazon,Positive,Positive,0.0516
Freezes frequently4.,0,Amazon,Negative,Neutral,-0.0258
It's kind of embarrassing to use because of how it looks and mostly it's embarrassing how child-like the company is.,0,Amazon,Negative,Negative,-0.6697
"Simple, lightweight and great fit.",1,Amazon,Positive,Positive,0.765
"All in all, I'd expected a better consumer experience from Motorola.",0,Amazon,Negative,Positive,0.4404
There's a horrible tick sound in the background on all my calls that I have never experienced before.,0,Amazon,Negative,Negative,-0.5423
These are certainly very comfortable and functionality is decent.,1,Amazon,Positive,Positive,0.7178
I usually don't like headbands but this one is very lightweight & doesn't mess up my hair.,1,Amazon,Positive,Positive,0.2755
I'm a bit disappointed.,0,Amazon,Negative,Negative,-0.4767
"I have had this phone for over a year now, and I will tell you, its not that great.",0,Amazon,Negative,Negative,-0.5096
I ordered this for sony Ericsson W810i but I think it only worked once (thats when I first used it).,0,Amazon,Negative,Neutral,0.0
The battery is completely useless to me.,0,Amazon,Negative,Negative,-0.4754
What a big waste of time.,0,Amazon,Negative,Negative,-0.4215
Don't waste your $$$ on this one.,0,Amazon,Negative,Positive,0.3252
Great sound and service.,1,Amazon,Positive,Positive,0.6249
Really pleased with this product so far.,1,Amazon,Positive,Positive,0.4927
One of my favorite purchases ever.,1,Amazon,Positive,Positive,0.4588
best bluetooth on the market.,1,Amazon,Positive,Positive,0.6369
Authentic leather with nice shine and comfort .I recommend you this case !!,1,Amazon,Positive,Positive,0.8118
I was very excited to get this headset because I thought it was really cute.,1,Amazon,Positive,Positive,0.7172
Do not make the same mistake as me.,0,Amazon,Negative,Negative,-0.34
Big Disappointment with calendar sync.,0,Amazon,Negative,Negative,-0.5106
the phone was unusable and was not new.,0,Amazon,Negative,Neutral,0.0
Worst Customer Service Ever.,0,Amazon,Negative,Negative,-0.6249
"No additional ear gels provided, and no instructions whatsoever.",0,Amazon,Negative,Negative,-0.5267
It defeats the purpose of a bluetooth headset.,0,Amazon,Negative,Negative,-0.3182
Worth every penny.,1,Amazon,Positive,Positive,0.2263
Excellent wallet type phone case.,1,Amazon,Positive,Positive,0.5719
Nice headphones for the price and they work great!,1,Amazon,Positive,Positive,0.8016
Internet is excrutiatingly slow.,0,Amazon,Negative,Neutral,0.0
"It is very comfortable to wear as well, which is probably the most important aspect about using a case.",1,Amazon,Positive,Positive,0.7774
"It's fits like a glove and is strong, secure, and durable.",1,Amazon,Positive,Positive,0.802
O my gosh the best phone I have ever had.,1,Amazon,Positive,Positive,0.6369
It's very attractive and appears to be of good quality.,1,Amazon,Positive,Positive,0.7264
I love all the features and form factor.,1,Amazon,Positive,Positive,0.6369
This product had a strong rubber/petroleum smell that was unbearable after a while and caused me to return it,0,Amazon,Negative,Positive,0.5106
poor quality and service.,0,Amazon,Negative,Negative,-0.4767
"The cable looks so thin and flimsy, it is scary.",0,Amazon,Negative,Negative,-0.4939
Great Earpiece.,1,Amazon,Positive,Positive,0.6249
Excellent hands free tool.,1,Amazon,Positive,Positive,0.7906
Great for using with your home stereo.,1,Amazon,Positive,Positive,0.6249
Good product - incredible value.,1,Amazon,Positive,Positive,0.6801
Only had this a month but it's worked flawlessly so far.,1,Amazon,Positive,Positive,0.296
Works great.,1,Amazon,Positive,Positive,0.6249
Absolutel junk.,0,Amazon,Negative,Neutral,0.0
THAT one didn't work either.,0,Amazon,Negative,Neutral,0.0
Battery life is real good.,1,Amazon,Positive,Positive,0.4404
Returned 8 hours later.,0,Amazon,Negative,Neutral,0.0
It's a great item.,1,Amazon,Positive,Positive,0.6249
Don't waste your money!.,0,Amazon,Negative,Positive,0.3867
Love this headset!,1,Amazon,Positive,Positive,0.6696
"Not only will it drain your player, but may also potentially fry it.",0,Amazon,Negative,Neutral,0.0
Worked perfectly!,1,Amazon,Positive,Positive,0.6696
Unreliable - I'm giving up.,0,Amazon,Negative,Positive,0.34
I gave it 5 stars because of the sound quality.,1,Amazon,Positive,Neutral,0.0
Avoid this one if you can.,0,Amazon,Negative,Negative,-0.296
Reversible plug works great.,1,Amazon,Positive,Positive,0.6249
I wasted my little money with this earpiece.,0,Amazon,Negative,Negative,-0.4939
Very good phone.,1,Amazon,Positive,Positive,0.4927
"Best of all is the rotating feature, very helpful.",1,Amazon,Positive,Positive,0.807
Comfort for our whole family.,1,Amazon,Positive,Positive,0.3612
"Good product, good seller.",1,Amazon,Positive,Positive,0.7003
I love this bluetooth!,1,Amazon,Positive,Positive,0.6696
"First of all, it doesn't wear well.",0,Amazon,Negative,Negative,-0.2057
I am very impressed with this headset from Plantronics.,1,Amazon,Positive,Positive,0.5256
I got it because it was so small and adorable.,1,Amazon,Positive,Positive,0.5367
Great phone!.,1,Amazon,Positive,Positive,0.6588
I wouldn't recommend buying this product.,0,Amazon,Negative,Negative,-0.2755
Piece of Junk.,0,Amazon,Negative,Neutral,0.0
Poorly contstruct hinge.,0,Amazon,Negative,Neutral,0.0
"This item is great, installed it, let it charged up overnite and it has been working good every since with no problems",1,Amazon,Positive,Positive,0.8155
Great Phone.,1,Amazon,Positive,Positive,0.6249
Don't buy it.,0,Amazon,Negative,Neutral,0.0
Excellent Phone.,1,Amazon,Positive,Positive,0.5719
DO NOT PURCHASE THIS PHONE.,0,Amazon,Negative,Neutral,0.0
The voice recognition thru the handset is excellent.,1,Amazon,Positive,Positive,0.5719
This is hands down the best phone I've ever had.,1,Amazon,Positive,Positive,0.6369
"Works great, when my cat attacked the phone he scratched the protective strip instead of destroying the screen.",1,Amazon,Positive,Negative,-0.3612
This one works and was priced right.,1,Amazon,Positive,Neutral,0.0
Customer service was terrible.,0,Amazon,Negative,Negative,-0.4767
Battery life still not long enough in Motorola Razor V3i.,0,Amazon,Negative,Neutral,0.0
Sending it back.,0,Amazon,Negative,Neutral,0.0
Now I know that I made a wise decision.,1,Amazon,Positive,Positive,0.4767
Someone shouldve invented this sooner.,1,Amazon,Positive,Neutral,0.0
Good price.,1,Amazon,Positive,Positive,0.4404
Everything worked on the first try.The device was certainly engineered in a clever way and the construction feels good.,1,Amazon,Positive,Positive,0.8074
I received it quickly and it works great!!,1,Amazon,Positive,Positive,0.6892
Has been working great.,1,Amazon,Positive,Positive,0.6249
"As many people complained, I found this headset's microphone was very weak.",0,Amazon,Negative,Negative,-0.7089
My 5-year old Nokia 2160 from Tracfone holds the charge a lot better than this.,0,Amazon,Negative,Positive,0.4404
They do not care about the consumer one bit.,0,Amazon,Negative,Negative,-0.3875
"This is a good battery, and it got here really fast.",1,Amazon,Positive,Positive,0.4404
The instruction manual is lacking.,0,Amazon,Negative,Neutral,0.0
Also its slim enough to fit into my alarm clock docking station without removing the case.,1,Amazon,Positive,Neutral,0.0258
Phone now holds charge like it did when it was new.,1,Amazon,Positive,Positive,0.3612
The battery is unreliable as well as the service use antena.,0,Amazon,Negative,Positive,0.2732
It's uncomfortable and the sound quality is quite poor compared with the phone (Razr) or with my previous wired headset (that plugged into an LG).,0,Amazon,Negative,Negative,-0.7178
We have gotten a lot of compliments on it.,1,Amazon,Positive,Positive,0.4019
This is definitely a must have if your state does not allow cell phone usage while driving.,1,Amazon,Positive,Positive,0.2579
I want my money back.,0,Amazon,Negative,Positive,0.0772
I love this device.,1,Amazon,Positive,Positive,0.6369
I am also very happy with the price.,1,Amazon,Positive,Positive,0.6115
I ordered this product first and was unhappy with it immediately.,0,Amazon,Negative,Negative,-0.4215
The Ngage is still lacking in earbuds.,0,Amazon,Negative,Neutral,0.0
I was able to do voice dialing in the car with no problem.,1,Amazon,Positive,Positive,0.3089
"I have 2-3 bars on my cell phone when I am home, but you cant not hear anything.",0,Amazon,Negative,Neutral,0.0
"good item, low price.",1,Amazon,Positive,Positive,0.2023
"However-the riingtones are not the best, and neither are the games.",0,Amazon,Negative,Negative,-0.5216
The plug did not work very well.,0,Amazon,Negative,Negative,-0.2572
AMAZON SUCKS.,0,Amazon,Negative,Negative,-0.2023
Rip off---- Over charge shipping.,0,Amazon,Negative,Neutral,0.0
VERY comfortable.,1,Amazon,Positive,Positive,0.6515
The battery is working well as a replacement for the original that came with the phone over 2 years ago.,1,Amazon,Positive,Positive,0.5267
The reception is excellent!,1,Amazon,Positive,Positive,0.6114
"It fits comfortably in either ear, the sound is clear and loud, and the charge lasts a couple of days.",1,Amazon,Positive,Positive,0.6597
"very clear, quality sound and you don't have to mess with the sound on your iPod since you have the sound buttons on the headset.",1,Amazon,Positive,Positive,0.6128
1. long lasting battery (you don't have to recharge it as frequentyly as some of the flip phones)2.,0,Amazon,Negative,Neutral,0.0
Obviously there is a problem with the adhesive.,0,Amazon,Negative,Negative,-0.4019
Very disappointing.,0,Amazon,Negative,Negative,-0.5413
"It was an inexpensive piece, but I would still have expected better quality.",0,Amazon,Negative,Positive,0.5927
It is practically useless and did not add any kind of boost to my reception after I bought it.,0,Amazon,Negative,Negative,-0.101
Excellent sound quality.,1,Amazon,Positive,Positive,0.5719
Was not happy.,0,Amazon,Negative,Negative,-0.4585
A PIECE OF JUNK THAT BROKE AFTER BEING ON MY PHONE FOR 2 DAYS!!!,0,Amazon,Negative,Negative,-0.6607
New Battery works great in phone.,1,Amazon,Positive,Positive,0.6249
Worst customer service.,0,Amazon,Negative,Negative,-0.6249
"I've dropped my phone more times than I can say, even on concrete and my phone is still great (knock on wood!).",1,Amazon,Positive,Positive,0.6588
Reception is terrible and full of static.,0,Amazon,Negative,Negative,-0.4767
Good audio quality.,1,Amazon,Positive,Positive,0.4404
This little device has transformed my organizational capability and made my life a whole lot easier.,1,Amazon,Positive,Positive,0.4215
"I was sitting in my vehicle, with the cradle on my belt, and the headset lost signal.",0,Amazon,Negative,Negative,-0.3182
Were JERKS on the phone.,0,Amazon,Negative,Negative,-0.4278
Works like a charm.. Works as advertised.,1,Amazon,Positive,Positive,0.6369
"Comfortable, Nice Range, Good Battery Life.",1,Amazon,Positive,Positive,0.8402
Their network coverage in Los Angeles is horrible.,0,Amazon,Negative,Negative,-0.5423
Excellent starter wireless headset.,0,Amazon,Negative,Positive,0.5719
"The loudspeaker option is great, the bumpers with the lights is very ... appealing.",0,Amazon,Negative,Positive,0.6249
The only thing that I think could improve is the sound leaks out from the headset.,0,Amazon,Negative,Positive,0.4404
"First off the reception sucks, I have never had more than 2 bars, ever.",0,Amazon,Negative,Negative,-0.3612
The phone gets EXTREMELY HOT!,0,Amazon,Negative,Neutral,0.0
"The microphone also works well, but (according to people I have called) it applifies everything.",1,Amazon,Positive,Positive,0.1406
Nice design and quality.,1,Amazon,Positive,Positive,0.4215
"Also, if your phone is dropped, this case is not going to save it, specially when dropped face down.",0,Amazon,Negative,Negative,-0.3875
"It is light, easy to use, and has very clear reception and transmission.",1,Amazon,Positive,Positive,0.6997
"bad fit, way too big.",0,Amazon,Negative,Negative,-0.25
It definitely was not as good as my S11.,1,Amazon,Positive,Positive,0.0757
awesome device.,1,Amazon,Positive,Positive,0.6249
Waste of money.,0,Amazon,Negative,Negative,-0.4215
"I had ordered a motorola data cable, got a very well finished and working product.",1,Amazon,Positive,Positive,0.3384
Love This Phone.,1,Amazon,Positive,Positive,0.6369
I was looking for this headset for a long time and now that I've got it I couldn't be happier.,1,Amazon,Positive,Negative,-0.4168
"I'll be drivng along, and my headset starts ringing for no reason.",0,Amazon,Negative,Negative,-0.296
Display is excellent and camera is as good as any from that year.,1,Amazon,Positive,Positive,0.765
Battery life is also great!,1,Amazon,Positive,Positive,0.6588
The worst phone I've ever had.... Only had it for a few months.,0,Amazon,Negative,Negative,-0.6249
Not a good item.. It worked for a while then started having problems in my auto reverse tape player.,0,Amazon,Negative,Negative,-0.6256
This is so embarassing and also my ears hurt if I try to push the ear plug into my ear.,0,Amazon,Negative,Negative,-0.5267
Protects the phone on all sides.,1,Amazon,Positive,Positive,0.3182
This is a VERY average phone with bad battery life that operates on a weak network.,0,Amazon,Negative,Negative,-0.7506
"Clear Skype Calls, Long Battery Life, Long Range.",1,Amazon,Positive,Positive,0.3818
Soyo technology sucks.,0,Amazon,Negative,Negative,-0.3612
Great Hands Free Device.,1,Amazon,Positive,Positive,0.8126
"you can even take self portraits with the outside (exterior) display, very cool.",1,Amazon,Positive,Positive,0.3804
Same problem as others have mentioned.,0,Amazon,Negative,Negative,-0.4019
After trying many many handsfree gadgets this is the one that finally works well.,1,Amazon,Positive,Positive,0.2732
Magical Help.,1,Amazon,Positive,Positive,0.4019
The worst piece of crap ever along with the Verizon customer service.,0,Amazon,Negative,Negative,-0.7717
Poor sound quality.,0,Amazon,Negative,Negative,-0.4767
The best phone in market :).,1,Amazon,Positive,Positive,0.6369
It worked very well.,1,Amazon,Positive,Positive,0.3384
The company shipped my product very promptly and it works well.,1,Amazon,Positive,Positive,0.2732
Exactly what I wanted.,1,Amazon,Positive,Neutral,0.0
The picture resolution is far below what other comparably-priced phones are offering today.,0,Amazon,Negative,Neutral,0.0
This is a great deal.,1,Amazon,Positive,Positive,0.6249
"Excellent product, I am very satisfied with the purchase.",1,Amazon,Positive,Positive,0.7778
I highly recommend these and encourage people to give them a try.,1,Amazon,Positive,Positive,0.7264
Better than you'd expect.,1,Amazon,Positive,Positive,0.4404
"Using all earpieces, left or right, this thing will not stay on my ear.",0,Amazon,Negative,Neutral,0.0
Great product and price.,1,Amazon,Positive,Positive,0.6249
"Sounds good reasonably priced and effective, Its that simple !",1,Amazon,Positive,Positive,0.7424
Still Waiting...... I'm sure this item would work well.. if I ever recieve it!,0,Amazon,Negative,Positive,0.5707
what a disappointment,0,Amazon,Negative,Negative,-0.5106
Very prompt service.,1,Amazon,Positive,Neutral,0.0
Excellent product for the price.,1,Amazon,Positive,Positive,0.5719
Very pleased with this headset.,1,Amazon,Positive,Positive,0.4927
don't waste your money and time.,0,Amazon,Negative,Positive,0.3252
I especially love the long battery life.,1,Amazon,Positive,Positive,0.6697
"It's so stupid to have to keep buying new chargers, car chargers, cradles, headphones and car kits every time a new phone comes out.",0,Amazon,Negative,Negative,-0.5709
Works great.,1,Amazon,Positive,Positive,0.6249
Plantronics Bluetooth Excelent Buy.,1,Amazon,Positive,Neutral,0.0
I came over from Verizon because cingulair has nicer cell phones.... the first thing I noticed was the really bad service.,0,Amazon,Negative,Negative,-0.2247
I'll be looking for a new earpiece.,0,Amazon,Negative,Neutral,0.0
I highly recommend this device to everyone!,1,Amazon,Positive,Positive,0.474
Jawbone Era is awesome too!,1,Amazon,Positive,Positive,0.6588
We received a WHITE colored battery that goes DEAD after a couple hoursTHe original used to last a week - but still lasts longer than thereplacement,0,Amazon,Negative,Negative,-0.3327
After a year the battery went completely dead on my headset.,0,Amazon,Negative,Negative,-0.6801
"I have used several phone in two years, but this one is the best.",1,Amazon,Positive,Positive,0.7783
An Awesome New Look For Fall 2000!.,1,Amazon,Positive,Positive,0.6588
This is the first phone I've had that has been so cheaply made.,0,Amazon,Negative,Neutral,0.0
"Att is not clear, sound is very distorted and you have to yell when you talk.",0,Amazon,Negative,Negative,-0.6342
The plastic breaks really easy on this clip.,0,Amazon,Negative,Positive,0.4927
Price is good too.,1,Amazon,Positive,Positive,0.4404
Don't make the same mistake I did.,0,Amazon,Negative,Negative,-0.34
Oh and I forgot to also mention the weird color effect it has on your phone.,0,Amazon,Negative,Negative,-0.1779
I'm using it with an iriver SPINN (with case) and it fits fine.,1,Amazon,Positive,Positive,0.2023
Also the area where my unit broke).- I'm not too fond of the magnetic strap.,0,Amazon,Negative,Negative,-0.6377
"Overall, I am psyched to have a phone which has all my appointments and contacts in and gets great reception.",1,Amazon,Positive,Positive,0.6249
"every thing on phone work perfectly, she like it.",1,Amazon,Positive,Positive,0.7717
"Another note about this phone's appearance is that it really looks rather bland, especially in the all black model.",0,Amazon,Negative,Neutral,0.0
IT'S REALLY EASY.,1,Amazon,Positive,Positive,0.4927
My Sanyo has survived dozens of drops on blacktop without ill effect.,1,Amazon,Positive,Positive,0.684
Fantastic earphones.,1,Amazon,Positive,Positive,0.5574
It finds my cell phone right away when I enter the car.,1,Amazon,Positive,Neutral,0.0
Low Quality.,0,Amazon,Negative,Negative,-0.2732
I highly recommend this modest priced cellular phone.,1,Amazon,Positive,Positive,0.4201
But it does get better reception and clarity than any phone I've had before.,1,Amazon,Positive,Positive,0.8126
Warning - Stay away.,0,Amazon,Negative,Negative,-0.34
I wish I could return the unit and get back my money.,0,Amazon,Negative,Positive,0.4019
Awsome Device Works Great!!.,1,Amazon,Positive,Positive,0.6892
I used to talk on it for 1 - 1 1/2 hours and the battery would be literally drained and dying.,0,Amazon,Negative,Negative,-0.3612
"If you don't find it, too bad, as again the unit comes with one earpad only.I would not recommend this to anyone.",0,Amazon,Negative,Negative,-0.6818
Very Displeased.,0,Amazon,Negative,Negative,-0.4927
"I might have gotten a defect, but I would not risk buying it again because of the built quality alone.",0,Amazon,Negative,Negative,-0.2451
They made this case too small and is very difficult to install.,0,Amazon,Negative,Negative,-0.4201
Restored my phone to like new performance.,1,Amazon,Positive,Positive,0.5994
"I would recommend purchasing the Jabra JX-10 series 2 which works flawlessly with my Moto Q, go figure.",1,Amazon,Positive,Positive,0.5106
"I searched the Internet, and found this one to be the best value.",1,Amazon,Positive,Positive,0.765
Does not fit.,0,Amazon,Negative,Negative,-0.2755
Very happy with this product.,1,Amazon,Positive,Positive,0.6115
"The screen size is big, key pad lit well enough, and the camera quality is excellent for a camera phone.",1,Amazon,Positive,Positive,0.7003
There's really nothing bad I can say about this headset.,0,Amazon,Negative,Positive,0.4816
"i'm glad i found this product on amazon it is hard to find, it wasn't high priced.",1,Amazon,Positive,Positive,0.5106
Portable and it works.,1,Amazon,Positive,Neutral,0.0
"My colleague & I now get great reception.A little expensive, but performance is great.",1,Amazon,Positive,Positive,0.8481
I even fully charged it before I went to bed and turned off blue tooth and wi-fi and noticed that it only had 20 % left in the morning.,0,Amazon,Negative,Negative,-0.2716
I've also had problems with the phone reading the memory card in which I always turn it on and then off again.,0,Amazon,Negative,Negative,-0.4019
Not good when wearing a hat or sunglasses.,0,Amazon,Negative,Negative,-0.3412
Timely shipment and quality product.,1,Amazon,Positive,Neutral,0.0
Nice solid keyboard.,1,Amazon,Positive,Positive,0.5267
Very well made and fits my Surefire GX2 perfectly.,1,Amazon,Positive,Positive,0.8221
Horrible phone.,0,Amazon,Negative,Negative,-0.5423
BT50 battery junk!.,0,Amazon,Negative,Neutral,0.0
We would recommend these to others.,1,Amazon,Positive,Positive,0.3612
Cant get the software to work with my computer.,0,Amazon,Negative,Neutral,0.0
Disappointed!.,0,Amazon,Negative,Negative,-0.5255
poor voice clarity.,0,Amazon,Negative,Negative,-0.1027
The battery works great!,1,Amazon,Positive,Positive,0.6588
No buyers remorse on this one!.,0,Amazon,Negative,Negative,-0.1724
Very disappointed in AccessoryOne.,0,Amazon,Negative,Negative,-0.5256
I find this inexcusable and so will probably be returning this phone and perhaps changing carriers.,0,Amazon,Negative,Neutral,0.0
"Looks great and is strong.""",1,Amazon,Positive,Positive,0.8126
"I have had TMobile service for 2 or 3 years now, and I am pretty happy with it.",1,Amazon,Positive,Positive,0.7845
The update procedure is difficult and cumbersome.,0,Amazon,Negative,Negative,-0.3612
Disappointment.. I hate anything that goes in my ear.,0,Amazon,Negative,Negative,-0.7906
Great software for Motorolas.,1,Amazon,Positive,Positive,0.6249
The delivery was on time.,1,Amazon,Positive,Neutral,0.0
Very easy to use.,1,Amazon,Positive,Positive,0.4927
"Uncomfortable In the Ear, Don't use with LG VX9900 (EnV).",0,Amazon,Negative,Negative,-0.3818
The volume switch rocketed out of the unit to a destination unknown.,0,Amazon,Negative,Neutral,0.0
"It holds a charge for a long time, is reasonably comfortable under long-wearing conditions and the quality of sound is tremendous.",1,Amazon,Positive,Positive,0.5106
I'd like to return it.,0,Amazon,Negative,Positive,0.3612
The keyboard is really worthwhile in usefulness and is sturdy enough I don't expect any problems.,1,Amazon,Positive,Positive,0.7517
"Verizon's bills, however, are difficult to understand even though their pricing plans are simple.",0,Amazon,Negative,Negative,-0.3612
"After charging overnight, these batteries work great.",1,Amazon,Positive,Positive,0.6249
You won't regret it!,1,Amazon,Positive,Positive,0.3867
I love this phone!.,1,Amazon,Positive,Positive,0.6696
A Disappointment.,0,Amazon,Negative,Negative,-0.5106
Its not user friendly.,0,Amazon,Negative,Negative,-0.3875
Unfortunately the ability to actually know you are receiving a call is a rather important feature and this phone is pitiful in that respect.,0,Amazon,Negative,Positive,0.1531
"Then I exchanged for the same phone, even that had the same problem.",0,Amazon,Negative,Negative,-0.4019
This results in the phone being either stuck at max volume or mute.,0,Amazon,Negative,Negative,-0.25
This PDA rocks.,1,Amazon,Positive,Neutral,0.0
"It is super charged up for use as a small hybrid palmtop/camera/cellphone, and excels in those roles.",1,Amazon,Positive,Positive,0.765
"I would definitely recommend the Jabra BT250v for those who are looking for comfort, clarity and a great price!",1,Amazon,Positive,Positive,0.9299
I had Verizon 2 years ago and really liked their service.,1,Amazon,Positive,Positive,0.4754
Pretty piece of junk.,0,Amazon,Negative,Positive,0.4939
Plug was the wrong size.,0,Amazon,Negative,Negative,-0.4767
Works as described.,1,Amazon,Positive,Neutral,0.0
Save your money.... I've had this item for 11 months now.,0,Amazon,Negative,Positive,0.4939
Bad Purchase.,0,Amazon,Negative,Negative,-0.5423
WELL IM SATISFIED.,1,Amazon,Positive,Positive,0.5994
"The bose noise cancelling is amazing, which is very important for a NYC commuter.",1,Amazon,Positive,Positive,0.624
This battery is an excellent bargain!,1,Amazon,Positive,Positive,0.6996
Defective crap.,0,Amazon,Negative,Negative,-0.6705
I would have given no star if I was able.,0,Amazon,Negative,Negative,-0.296
I wear glasses and it fits fine with them.,1,Amazon,Positive,Positive,0.2023
"The sound quality for the device is unacceptable.Unless you are in a really quiet area, you almost hear nothing.",0,Amazon,Negative,Neutral,0.0
I would not recommend this item to anyone.,0,Amazon,Negative,Negative,-0.2755
The holster that arrived did not match the photo in the ad.,0,Amazon,Negative,Neutral,0.0
great...no problems at all!.,1,Amazon,Positive,Negative,-0.4574
"As an earlier review noted, plug in this charger and nothing happens.",0,Amazon,Negative,Neutral,0.0
This frog phone charm is adorable and very eye catching.,1,Amazon,Positive,Positive,0.7096
You never know if you pushed it hard enough or the right number of times for the function you want or not.,0,Amazon,Negative,Positive,0.0516
The sound is clear and the people I talk to on it are amazed at the quality too.,1,Amazon,Positive,Positive,0.7003
I got the aluminum case for my new Palm VX and it worked really well--it has protected my handheld perfectly so far.,1,Amazon,Positive,Positive,0.8107
"very good product, well made.",1,Amazon,Positive,Positive,0.6764
Mobile Phone Tools are a must have.,1,Amazon,Positive,Neutral,0.0
I am very impressed with the job that Motorola did on the sturdiness of this phone.,1,Amazon,Positive,Positive,0.5256
"I received my orders well within the shipping timeframe, everything was in good working order and overall, I am very excited to have this source.",1,Amazon,Positive,Positive,0.7713
The phone is sturdy and waterproof.,1,Amazon,Positive,Neutral,0.0
I am not impressed with this and i would not recommend this item to anyone.,0,Amazon,Negative,Negative,-0.5667
My only complaint is the standard sound volume is a little low even when turned up to 5(of 5),0,Amazon,Negative,Negative,-0.4601
Thanks again to Amazon for having the things I need for a good price!,1,Amazon,Positive,Positive,0.7777
I ended up sliding it on the edge of my pants or back pockets instead.,1,Amazon,Positive,Neutral,0.0
I had to go to a store and bought a new NOKIA phone which is working great.,1,Amazon,Positive,Positive,0.6249
Works great!.,1,Amazon,Positive,Positive,0.6588
REALLY UGLY.,0,Amazon,Negative,Negative,-0.5563
"horrible, had to switch 3 times.",0,Amazon,Negative,Negative,-0.5423
The noise shield is incrediable.,1,Amazon,Positive,Neutral,0.0
No real improvement.,0,Amazon,Negative,Negative,-0.569
Razr Battery - Good buy.,1,Amazon,Positive,Positive,0.4404
Keep up the good work Amazon!!,1,Amazon,Positive,Positive,0.6351
They refuse to refund or replace.,0,Amazon,Negative,Negative,-0.296
Unfortunately it's easy to accidentally activate them with the gentle-touch buttons if you accidentally touch the phone to your face while listening.,0,Amazon,Negative,Negative,-0.5106
So I basically threw my money out the window for nothing.,0,Amazon,Negative,Neutral,0.0
Great case and price!,1,Amazon,Positive,Positive,0.6588
All it took was one drop from about 6 inches above the kitchen counter and it was cracked.I am not impressed and I am not laughing.,0,Amazon,Negative,Negative,-0.7416
"Bluetooth range is good - a few days ago I left my phone in the trunk, got a call, and carried the conversation without a hitch.",1,Amazon,Positive,Positive,0.4404
"Small, sleek, impressive looking, practical setup with ample storage in place.",1,Amazon,Positive,Positive,0.5106
The eargels channel the sound directly into your ear and seem to increase the sound volume and clarity.,1,Amazon,Positive,Positive,0.6124
none of the new ones have ever quite worked properly.,0,Amazon,Negative,Neutral,0.0
I am glad I purchased it.,1,Amazon,Positive,Positive,0.4588
I've missed numerous calls because of this reason.,0,Amazon,Negative,Negative,-0.296
"Perhaps my phone is defective, but people cannot hear me when I use this.",0,Amazon,Negative,Negative,-0.2382
Don't buy this product.,0,Amazon,Negative,Neutral,0.0
"sucked, most of the stuff does not work with my phone.",0,Amazon,Negative,Negative,-0.4588
"No shifting, no bubbling, no peeling, not even a scratch, NOTHING!I couldn't be more happier with my new one for the Droid.",1,Amazon,Positive,Negative,-0.4037
Worst software ever used.... If I could give this zero stars I would.,0,Amazon,Negative,Negative,-0.6249
Trying to make a call on these is an exercise in frustration.,0,Amazon,Negative,Negative,-0.4767
The case is a flimsy piece of plastic and has no front or side protection whatsoever.,0,Amazon,Negative,Negative,-0.296
"I own a Jabra Earset and was very happy with it, but the sound quality, especially outgoing, on this is better.",1,Amazon,Positive,Positive,0.862
"I love the camera, it's really pretty good quality.",1,Amazon,Positive,Positive,0.8973
Thank you for such great service.,1,Amazon,Positive,Positive,0.765
Its a total package.,1,Amazon,Positive,Neutral,0.0
"The seller is very understanding and patient, I would definitely buy from them again.",1,Amazon,Positive,Positive,0.4019
I give Wirefly 1 star.I will contact Cingular/AT&T; and inform them of this practice.,0,Amazon,Negative,Neutral,0.0
It's AGGRAVATING!,0,Amazon,Negative,Negative,-0.4981
Great product for the price!.,1,Amazon,Positive,Positive,0.6588
"I have purchased these for both family and friends, and all enjoy their clarity and ease of use",1,Amazon,Positive,Positive,0.8885
Virgin Wireless rocks and so does this cheap little phone!,1,Amazon,Positive,Neutral,0.0
"None of it works, just don't buy it.",0,Amazon,Negative,Neutral,0.0
"Muddy, low quality sound, and the casing around the wire's insert was poorly super glued and slid off.",0,Amazon,Negative,Positive,0.4215
Please dont waste your money.,0,Amazon,Negative,Positive,0.5621
"All in all, I'm quite satisfied with this purchase.",1,Amazon,Positive,Positive,0.4754
"If you are looking for a good quality Motorola Headset keep looking, this isn't it.",0,Amazon,Negative,Positive,0.4404
Yet Plantronincs continues to use the same flawed charger design.,0,Amazon,Negative,Negative,-0.4767
Disapointing Results.,0,Amazon,Negative,Neutral,0.0
Cumbersome design.,0,Amazon,Negative,Neutral,0.0
"Great it was new packaged nice works good, no problems and it came in less time then I expected!!!!",1,Amazon,Positive,Positive,0.9221
Great Product.,1,Amazon,Positive,Positive,0.6249
It's A PIECE OF CRAP!,0,Amazon,Negative,Negative,-0.561
"My experience was terrible..... This was my fourth bluetooth headset, and while it was much more comfortable than my last Jabra (which I HATED!!!",0,Amazon,Negative,Negative,-0.7443
This fixes all the problems.,1,Amazon,Positive,Negative,-0.4019
Worst ever.,0,Amazon,Negative,Negative,-0.6249
I am very happy,1,Amazon,Positive,Positive,0.6115
"I've had no trouble accessing the Internet, downloading ringtones or performing any of the functions.",1,Amazon,Positive,Positive,0.3089
"I can barely ever hear on it and am constantly saying ""what?""",0,Amazon,Negative,Neutral,0.0
The battery life is highly unacceptable.,0,Amazon,Negative,Negative,-0.5095
That company is a joke.,0,Amazon,Negative,Positive,0.296
It does everything the description said it would.,1,Amazon,Positive,Neutral,0.0
Due to this happening on every call I was forced to stop using this headset.,0,Amazon,Negative,Negative,-0.6369
"It works great with a car charger, especially if you cannot plug in two adapters at the same time.",1,Amazon,Positive,Positive,0.6249
"Verizon tech support walked my through a few procedures, none of which worked and I ended up having to do a hard re-set, wiping out all my data.",0,Amazon,Negative,Positive,0.3182
"Voice Quality, Signal Strength, Dropped Calls.",0,Amazon,Negative,Positive,0.4939
"It plays louder than any other speaker of this size; the price is so low that most would think the quality is lacking, however, it's not.",1,Amazon,Positive,Negative,-0.188
Better than expected.,1,Amazon,Positive,Positive,0.4404
"It feels poorly constructed, the menus are difficult to navigate, and the buttons are so recessed that it is difficult to push them.",0,Amazon,Negative,Negative,-0.6124
Battery is holding up well.,1,Amazon,Positive,Positive,0.2732
Also difficult to put on.I'd recommend avoiding this product.,0,Amazon,Negative,Negative,-0.34
"I only used it two days, and it wasn't always easy to hear with.",0,Amazon,Negative,Negative,-0.3412
I got the car charger and not even after a week the charger was broken...I went to plug it in and it started smoking.,0,Amazon,Negative,Neutral,0.0
Sprint - terrible customer service.,0,Amazon,Negative,Negative,-0.4767
Linked to my phone without effort.,1,Amazon,Positive,Neutral,0.0
THey are so cool!,1,Amazon,Positive,Positive,0.5079
Easy to use.,1,Amazon,Positive,Positive,0.4404
Better Than New.,1,Amazon,Positive,Positive,0.4404
"What possesed me to get this junk, I have no idea...",0,Amazon,Negative,Negative,-0.296
Piece of trash.,0,Amazon,Negative,Neutral,0.0
A pretty good product.,1,Amazon,Positive,Positive,0.7269
This is a great phone!.,1,Amazon,Positive,Positive,0.6588
"For the price on Amazon, it is an excellent product, which I would highly recommend.",1,Amazon,Positive,Positive,0.8016
Their Research and Development division obviously knows what they're doing.,1,Amazon,Positive,Neutral,0.0
"The real killer is the volume, and of course it breaking.",0,Amazon,Negative,Negative,-0.6486
Those phones are working just fine now.,1,Amazon,Positive,Positive,0.2023
I am more than happy with this product.,1,Amazon,Positive,Positive,0.6096
Poor Construction.,0,Amazon,Negative,Negative,-0.4767
This is infuriating.,0,Amazon,Negative,Negative,-0.5267
"Overall, I would recommend this phone over the new Walkman.",1,Amazon,Positive,Positive,0.3612
Sprint charges for this service.,0,Amazon,Negative,Negative,-0.2732
"It is cheap, and it feel and look just as cheap.",0,Amazon,Negative,Neutral,0.0
It fits my ear well and is comfortable on.,1,Amazon,Positive,Positive,0.6597
It doesn't work in Europe or Asia.,0,Amazon,Negative,Neutral,0.0
clipping this to your belt will deffinitely make you feel like 50 cent's up-and-coming.,1,Amazon,Positive,Positive,0.3612
I like design and look of Jabra behing the ear headsets and 5020 is pretty comfortible to wear 24 hours a day without pain in the ear.,1,Amazon,Positive,Positive,0.8127
I was amazed at the quick arrival of the two original lg cell phone batteries and and at a fraction of the price.,1,Amazon,Positive,Positive,0.6705
the worst phone from samsung...crap..... this crappy Samsung E715.. is the worst i have ever seeen.,0,Amazon,Negative,Negative,-0.9253
the charger worked for about a week and then completely stopped charging my phone.,0,Amazon,Negative,Negative,-0.2944
Poor product.,0,Amazon,Negative,Negative,-0.4767
However I needed some better instructions.,0,Amazon,Negative,Positive,0.4404
You need two hands to operate the screen.This software interface is decade old and cannot compete with new software designs.,0,Amazon,Negative,Neutral,0.0
Worked very well paired with a Treo 700w and as a Skype headset on my PC (using a USB Bluetooth transceiver).,1,Amazon,Positive,Positive,0.3384
"Steer clear of this product and go with the genuine Palm replacementr pens, which come in a three-pack.",0,Amazon,Negative,Positive,0.3818
DO NOT BUY DO NOT BUYIT SUCKS,0,Amazon,Negative,Positive,0.2755
This is a great product..... sure beats using your fingers!.,1,Amazon,Positive,Positive,0.7712
"Plus, I seriously do not believe it is worth its steep price point.",0,Amazon,Negative,Positive,0.0516
All the other cases I've tried normally fall apart after a few months but this one seems to be in for the long haul.,1,Amazon,Positive,Neutral,0.0
Very Dissapointing Performance.,0,Amazon,Negative,Neutral,0.0
Don't make the same mistake that I did and please don't buy this phone.,0,Amazon,Negative,Neutral,-0.0258
This phone might well be the worst I've ever had in any brand.,0,Amazon,Negative,Negative,-0.4588
Case was more or less an extra that I originally put on but later discarded because it scratched my ear.,0,Amazon,Negative,Negative,-0.4767
I recommend iGo to anyone with different brand cell phones/mp3 players in the family.,1,Amazon,Positive,Positive,0.3612
Don't bother - go to the store.,0,Amazon,Negative,Positive,0.2584
"I posted more detailed comments under the grey or black phone, but i have the Fire Red and it's a great color!",1,Amazon,Positive,Positive,0.6049
I did not have any problem with this item and would order it again if needed.,1,Amazon,Positive,Positive,0.3089
You get what you pay for I guess.,0,Amazon,Negative,Negative,-0.1027
"Not only did the software do a great job of this, I could also make my own ringtones form my existing CDs without an internet connection.",1,Amazon,Positive,Positive,0.6249
im surprised this is a good quality car charger and there's not much reviews about it.,1,Amazon,Positive,Positive,0.5859
These are fabulous!,1,Amazon,Positive,Positive,0.5707
"However, BT headsets are currently not good for real time games like first-person shooters since the audio delay messes me up.",0,Amazon,Negative,Negative,-0.2973
I used bitpim (a free program you can find on the internet)to transfer data to the phone.The price of the cable was excellent.,1,Amazon,Positive,Positive,0.7906
Disappointing accessory from a good manufacturer.,0,Amazon,Negative,Negative,-0.0772
"Performed awful -- muffled, tinny incoming sound and severe echo for those on the other end of the call.",0,Amazon,Negative,Negative,-0.6808
Very wind-resistant.,1,Amazon,Positive,Neutral,0.0
"Obviously they have a terrible customer service, so you get what you pay for.",0,Amazon,Negative,Negative,-0.5423
"They do not last forever, but is not overly expensive to replace.Easy to operate and the sound is much better than others I have tried.",1,Amazon,Positive,Positive,0.5927
"I contacted the company and they told me that, although the unit was still under warranty, if I couldn't produce my receipt I was out of luck.",0,Amazon,Negative,Positive,0.4588
Linksys should have some way to exchange a bad phone for a refurb unit or something!,0,Amazon,Negative,Negative,-0.5848
Phone is sturdy as all nokia bar phones are.,1,Amazon,Positive,Neutral,0.0
Great phone.,1,Amazon,Positive,Positive,0.6249
"When I placed my treo into the case, not only was it NOT snug, but there was A LOT of extra room on the sides.",0,Amazon,Negative,Neutral,0.0
I'm pleased.,1,Amazon,Positive,Positive,0.4404
Battery is terrible.,0,Amazon,Negative,Negative,-0.4767
I found the product to be easy to set up and use.,1,Amazon,Positive,Positive,0.4404
The earpiece on this is too large or too heavy...it keeps falling out of my ear.,0,Amazon,Negative,Negative,-0.1531
Utter crap.. Sound quality is TERRIBLE.,0,Amazon,Negative,Negative,-0.7735
"The charger arrived within the promised timeframe, but it did not work.",0,Amazon,Negative,Positive,0.1901
"No ear loop needed, it's tiny and the sound is great.",1,Amazon,Positive,Positive,0.4404
"Finally, after three or four times the spring of the latch broke and I could not use it any longer on the visor.",0,Amazon,Negative,Negative,-0.4215
"The handsfree part works fine, but then the car tries to download the address book, and the Treo reboots.Overall, I still rate this device high.",1,Amazon,Positive,Positive,0.1027
Talk about USELESS customer service.,0,Amazon,Negative,Negative,-0.5473
"It felt too light and ""tinny."".",0,Amazon,Negative,Neutral,0.0
This does not fit the Palm Tungsten E2 and it broke the first time I tried to plug it in.,0,Amazon,Negative,Negative,-0.6007
I'm happy about this purchase- good quality and low price.,1,Amazon,Positive,Positive,0.6705
I love the look and feel of Samsung flipphones.,1,Amazon,Positive,Positive,0.6369
Its well-designed and very sharp -- the blue is a very nice color.,1,Amazon,Positive,Positive,0.4754
Does everything it should and more.,1,Amazon,Positive,Neutral,0.0
I could not recommend these more.,0,Amazon,Negative,Negative,-0.2755
Nice Sound.,1,Amazon,Positive,Positive,0.4215
"Looks good in the picture, but this case was a huge disappointment!!",0,Amazon,Negative,Negative,-0.281
Much less than the jawbone I was going to replace it with.,1,Amazon,Positive,Neutral,0.0
Setup went very smoothly.,1,Amazon,Positive,Neutral,0.0
its extremely slow and takes forever to do anything with it.,0,Amazon,Negative,Neutral,0.0
"A must study for anyone interested in the ""worst sins"" of industrial design.",0,Amazon,Negative,Negative,-0.6597
The first thing that happened was that the tracking was off.,0,Amazon,Negative,Neutral,0.0
"It is well made, easy to access the phone and has a handy, detachable belt clip.",1,Amazon,Positive,Positive,0.6124
Then I had to continue pairing it periodically since it somehow kept dropping.,0,Amazon,Negative,Neutral,0.0
Can't upload ringtones from a third party.,0,Amazon,Negative,Positive,0.4019
"Bluetooth does not work, phone locks up, screens just flash up and now it just makes calls randomly while in my pocket locked.",0,Amazon,Negative,Neutral,0.0
Truly awful.,0,Amazon,Negative,Neutral,-0.0258
"It works fine on my Motorola 325 cellphone, and a lot better than the worn-out battery did.",1,Amazon,Positive,Positive,0.5719
The volume for the ringer is REAL good (you have choices how loud).,1,Amazon,Positive,Positive,0.4404
And none of the tones is acceptable.,0,Amazon,Negative,Positive,0.3182
camera color balance is AWFUL.,0,Amazon,Negative,Negative,-0.5766
"This product is clearly not ready for prime time, I don't care how cool it looks, if you can't tell a call is coming in it's worthless.",0,Amazon,Negative,Negative,-0.7096
I love the ringtones because they are so upbeat!,1,Amazon,Positive,Positive,0.6696
Chinese Forgeries Abound!.,0,Amazon,Negative,Neutral,0.0
Easy to pair with my Samsung Cell.,1,Amazon,Positive,Positive,0.4404
The instructions didn't explain that a microphone jack could be used.,0,Amazon,Negative,Neutral,0.0
i would advise to not purchase this item it never worked very well.,0,Amazon,Negative,Negative,-0.2572
Too bad you have to pay up to $$$ a month for the service!,0,Amazon,Negative,Negative,-0.636
Works well.,1,Amazon,Positive,Positive,0.2732
The nokia CA-42 USB cable did not work with my phone.,0,Amazon,Negative,Neutral,0.0
Clear crisp sound.,1,Amazon,Positive,Positive,0.3818
"I have to use the smallest earpieces provided, but it stays on pretty well.",1,Amazon,Positive,Positive,0.7876
"The biggest complaint I have is, the battery drains superfast.",0,Amazon,Negative,Negative,-0.296
The design might be ergonomic in theory but I could not stand having these in my ear.,0,Amazon,Negative,Neutral,0.0
Do NOT buy if you want to use the holster.,0,Amazon,Negative,Positive,0.0772
The phone can also take great pictures and even video clips.,1,Amazon,Positive,Positive,0.6249
It doesn't make you look cool.,0,Amazon,Negative,Positive,0.3182
"Because both ears are occupied, background is not distracting at all.",1,Amazon,Positive,Positive,0.2235
"Comfortable fit - you need your headset to be comfortable for at least an hour at a time, if not for an entire day.",1,Amazon,Positive,Positive,0.8442
"Also, the phone doesn't seem to accept anything except CBR mp3s, preferably ripped by Windows Media Player.",0,Amazon,Negative,Negative,-0.2924
You can't beat the price on these.,1,Amazon,Positive,Neutral,0.0
"* Comes with a strong light that you can use to light up your camera shots, and even flash SOS signals (seriously!",1,Amazon,Positive,Positive,0.4389
lightweight and works well.,1,Amazon,Positive,Positive,0.2732
So just beware.,0,Amazon,Negative,Neutral,0.0
I love this cable - it allows me to connect any mini-USB device to my PC.,1,Amazon,Positive,Positive,0.6369
So anyone near you will hear part of your conversation.,0,Amazon,Negative,Neutral,0.0
This is cool because most cases are just open there allowing the screen to get all scratched up.,1,Amazon,Positive,Positive,0.3182
I bought this phone as a replacement for my StarTac and have regretted it since.,0,Amazon,Negative,Negative,-0.3818
Appears to actually outperform the original battery from China that came with my V325i.,1,Amazon,Positive,Positive,0.3182
Can't store anything but phone numbers to SIM.,0,Amazon,Negative,Neutral,0.0
"It lasts less than 3o minutes, if I actually try to use the phone.My wife has the same phone with the same problem.",0,Amazon,Negative,Negative,-0.4019
Poor quality.,0,Amazon,Negative,Negative,-0.4767
"jabra ear gels ""R"" the best!.",1,Amazon,Positive,Positive,0.6696
Not worth it.,0,Amazon,Negative,Negative,-0.1695
The phone crashed completely and now I have to get it replaced.,0,Amazon,Negative,Neutral,0.0
"It quit working after I'd used it for about 18 months, so I just purchased another one because this is the best headset I've ever owned.",1,Amazon,Positive,Positive,0.6369
"Unfortunately it will not recharge my iPhone 4s, despite connecting it from multiple power sources (iMac, external battery, wall outlet, etc).",0,Amazon,Negative,Negative,-0.34
It was a great phone.,1,Amazon,Positive,Positive,0.6249
if you simply want a small flip phone -- look elsewhere as the extra bells & whistles are mediocre.,0,Amazon,Negative,Positive,0.0772
"Good value, works fine - power via USB, car, or wall outlet.",1,Amazon,Positive,Positive,0.7269
My phone doesn't slide around my car now and the grip prevents my phone from slipping out of my hand.,1,Amazon,Positive,Positive,0.5423
This is simply the BEST bluetooth headset for sound quality!,1,Amazon,Positive,Positive,0.7371
Think it over when you plan to own this one!This sure is the last MOTO phone for me!,0,Amazon,Negative,Positive,0.4374
"In the span of an hour, I had two people exclaim ""Whoa - is that the new phone on TV?!?",1,Amazon,Positive,Neutral,0.0
I have always used corded headsets and the freedom from the wireless is very helpful.,1,Amazon,Positive,Positive,0.807
"This case has passed the one year mark and while it shows signs of wear, it is 100% functional.",1,Amazon,Positive,Neutral,0.0
"Other than that, the leather is nice and soft; the fit is very tight; the cut out for the face is a good shape.",1,Amazon,Positive,Positive,0.7037
It has everything I need and I couldn't ask for more.,1,Amazon,Positive,Neutral,0.0
After receiving and using the product for just 2 days it broke.,0,Amazon,Negative,Negative,-0.4215
This product is great... it makes working a lot easier I can go to the copier while waiting on hold for something.,1,Amazon,Positive,Positive,0.7845
None of the three sizes they sent with the headset would stay in my ears.,0,Amazon,Negative,Neutral,0.0
T-Mobile has the best customer service anywhere.,1,Amazon,Positive,Positive,0.6369
Arrived quickly and much less expensive than others being sold.,1,Amazon,Positive,Neutral,0.0
We have tried 2 units and they both failed within 2 months.. Pros,0,Amazon,Negative,Negative,-0.5106
"Provides good protection and looks classy, too.",1,Amazon,Positive,Positive,0.7003
Krussel Always good.,1,Amazon,Positive,Positive,0.4404
"The tracfonewebsite is user friendly and makes it easy toactivate, etc.",1,Amazon,Positive,Positive,0.7269
The design is very good.4.,1,Amazon,Positive,Neutral,0.0
I great reception all the time.,1,Amazon,Positive,Positive,0.6249
I would highly recommend this product.,1,Amazon,Positive,Positive,0.4201
"Couldn't use the unit with sunglasses, not good in Texas!",0,Amazon,Negative,Negative,-0.4015
It dit not work most of the time with my Nokia 5320.,0,Amazon,Negative,Neutral,0.0
"Bought mainly for the charger, which broke soon after purchasing.",0,Amazon,Negative,Negative,-0.4215
"If you like a loud buzzing to override all your conversations, then this phone is for you!",0,Amazon,Negative,Positive,0.4199
Fantastic buy and will get again for whatever my next phone is,1,Amazon,Positive,Positive,0.5574
"stay away from this store, be careful.",0,Amazon,Negative,Positive,0.1531
This BlueAnt Supertooth hands-free phone speaker is AWESOME.,1,Amazon,Positive,Positive,0.7034
Does not fit.,0,Amazon,Negative,Negative,-0.2755
.... Item arrived quickly and works great with my Metro PCS Samsung SCH-r450 slider phone and Sony Premium Sound in ear plugs.,1,Amazon,Positive,Positive,0.6249
"It is light, has plenty of battery capacity, and is very confortable to wear for somewhat extended periods of time.",1,Amazon,Positive,Neutral,0.0
disappointing.,0,Amazon,Negative,Negative,-0.4939
Blue Ant is easy to use.,1,Amazon,Positive,Positive,0.4404
Cheap but hey it works.. Was pleasantly suprised given the low cost of this item.,1,Amazon,Positive,Positive,0.3612
The camera on the phone may be used as a dustpan when indoors... I'd rather be using a disposable then this.,0,Amazon,Negative,Neutral,0.0
Then a few days later the a puff of smoke came out of the phone while in use.,0,Amazon,Negative,Neutral,0.0
It's very convenient and simple to use - gets job done & makes the car ride so much smoother.,1,Amazon,Positive,Neutral,0.0
The nano stated it.My son was dissapointed.,0,Amazon,Negative,Neutral,0.0
The sound quality is excellent as well.,1,Amazon,Positive,Positive,0.7003
Its the best headset I have used.,1,Amazon,Positive,Positive,0.6369
Would not reccommend.,0,Amazon,Negative,Neutral,0.0
They have been around for years and carries the highest quality of anti-glare screen protector that I have found to date.,1,Amazon,Positive,Neutral,0.0
Just what I wanted.,1,Amazon,Positive,Neutral,0.0
This particular model would not work with my Motorola Q smartphone.,0,Amazon,Negative,Neutral,0.0
wont work right or atleast for me.,0,Amazon,Negative,Neutral,0.0
in addition it feels &amp; looks as if the phone is all lightweight cheap plastic.,0,Amazon,Negative,Neutral,0.0
"But now that it is ""out of warranty"" the same problems reoccure.Bottom line... put your money somewhere else... Cingular will not support it.",0,Amazon,Negative,Negative,-0.7534
"I really wanted the Plantronics 510 to be the right one, but it has too many issues for me.The good",0,Amazon,Negative,Positive,0.5927
Great product.,1,Amazon,Positive,Positive,0.6249
Crisp and Clear.,1,Amazon,Positive,Positive,0.3818
AFter the first charge kept going dead after 12 minutes.,0,Amazon,Negative,Negative,-0.6486
"VERY cheap plastic, creaks like an old wooden floor.",0,Amazon,Negative,Positive,0.3612
"I get absolutely horrible reception in my apartment, where with other phones I have not had this problem.",0,Amazon,Negative,Negative,-0.7856
The reception has been generally good.,1,Amazon,Positive,Positive,0.4404
"Excellent sound, battery life and inconspicuous to boot!.",1,Amazon,Positive,Positive,0.6114
Great bluetooth!.,1,Amazon,Positive,Positive,0.6588
I highly recommend this case.,1,Amazon,Positive,Positive,0.4201
WORTHWHILE.,1,Amazon,Positive,Positive,0.34
This is a great deal.,1,Amazon,Positive,Positive,0.6249
"After my phone got to be about a year old, it's been slowly breaking despite much care on my part.",0,Amazon,Negative,Negative,-0.3875
I am sorry I made this purchase.,0,Amazon,Negative,Negative,-0.0772
I bought these hoping I could make my Bluetooth headset fit better but these things made it impossible to wear.,0,Amazon,Negative,Positive,0.5574
Treo and T-Mobile refused to replace it again and forced me to buy another phone without any kind of upgrade discount.,0,Amazon,Negative,Negative,-0.6369
It was horrible!.,0,Amazon,Negative,Negative,-0.5848
I don't think it would hold it too securly on your belt.,0,Amazon,Negative,Neutral,0.0
This allows the possibility of double booking for the same date and time after the first.,0,Amazon,Negative,Neutral,0.0
They work about 2 weeks then break.,0,Amazon,Negative,Neutral,0.0
It is simple to use and I like it.,1,Amazon,Positive,Positive,0.3612
"It's a great tool for entertainment, communication, and data management.Oh, be sure to use ActiveSync 4.2 for optimal data synchronization results!",1,Amazon,Positive,Positive,0.8999
I can't use this case because the smell is disgusting.,0,Amazon,Negative,Negative,-0.5267
NOT WHAT I WANTED.,0,Amazon,Negative,Neutral,0.0
I own 2 of these cases and would order another.,1,Amazon,Positive,Neutral,0.0
Great Phone.,1,Amazon,Positive,Positive,0.6249
I bought this battery with a coupon from Amazon and I'm very happy with my purchase.,1,Amazon,Positive,Positive,0.6901
"The internet access was fine, it the rare instance that it worked.",0,Amazon,Negative,Positive,0.2023
Perfect for the PS3.,1,Amazon,Positive,Positive,0.5719
"Five star Plus, plus.",1,Amazon,Positive,Neutral,0.0
A good quality bargain.. I bought this after I bought a cheapy from Big Lots that sounded awful and people on the other end couldn't hear me.,1,Amazon,Positive,Positive,0.1779
$50 Down the drain.,0,Amazon,Negative,Neutral,0.0
I tried talking real loud but shouting on the telephone gets old and I was still told it wasn't great.,0,Amazon,Negative,Negative,-0.6642
"Good , works fine.",1,Amazon,Positive,Positive,0.5719
For the price this was a great deal.,1,Amazon,Positive,Positive,0.6249
"Great price, too!",1,Amazon,Positive,Positive,0.6588
"If there is a wind, it is completely useless.",0,Amazon,Negative,Negative,-0.4754
Yes it's shiny on front side - and I love it!,1,Amazon,Positive,Positive,0.8016
Does Not Work.,0,Amazon,Negative,Neutral,0.0
"At first I thought I was grtting a good deal at $7.44, until I plugged it into my phone (V3c Razr).",0,Amazon,Negative,Positive,0.4404
The reception through this headset is excellent.,1,Amazon,Positive,Positive,0.5719
2 thumbs up to this seller,1,Amazon,Positive,Neutral,0.0
"I have a Verizon LG phone and they work well together, good reception and range that exceeds 20 feet line of sight.",1,Amazon,Positive,Positive,0.6124
Improper description.... I had to return it.,0,Amazon,Negative,Neutral,0.0
#1 It Works - #2 It is Comfortable.,1,Amazon,Positive,Positive,0.5106
Battery charge-life is quite long.,1,Amazon,Positive,Neutral,0.0
The Jabra EarGels fit my ears very well.,1,Amazon,Positive,Positive,0.5984
Battery has no life.,0,Amazon,Negative,Negative,-0.296
I checked everywhere and there is no feature for it which is really disappointing.,0,Amazon,Negative,Negative,-0.6901
Product is exactly as described.,1,Amazon,Positive,Neutral,0.0
Gets a signal when other Verizon phones won't.,1,Amazon,Positive,Neutral,0.0
Doesn't do the job.,0,Amazon,Negative,Neutral,0.0
I would recommend it.,1,Amazon,Positive,Positive,0.3612
Plan on ordering from them again and again.,1,Amazon,Positive,Neutral,0.0
"That being said, for a phone, the camera is very nice; many cool effects to play with, and video is decent as well.",1,Amazon,Positive,Positive,0.8464
I have been very satisfied with this cell phone from day one.,1,Amazon,Positive,Positive,0.4754
They keep getting better and better (this is my third one and I've had numerous Palms too).,1,Amazon,Positive,Positive,0.7003
Awkward to use and unreliable.,0,Amazon,Negative,Negative,-0.1531
The shipping time was also very quick!,1,Amazon,Positive,Neutral,0.0
Not as good as I had hoped.,0,Amazon,Negative,Positive,0.05
Good case!.,1,Amazon,Positive,Positive,0.4926
Doesn't Work.,0,Amazon,Negative,Neutral,0.0
Really good product.,1,Amazon,Positive,Positive,0.4927
Unfortunately it did not work.,0,Amazon,Negative,Negative,-0.34
All three broke within two months of use.,0,Amazon,Negative,Negative,-0.4215
dont buy it.,0,Amazon,Negative,Neutral,0.0
"My father has the V265, and the battery is dying.",0,Amazon,Negative,Neutral,0.0
"However, the ear pads come off easily and after only one week I lost one.",0,Amazon,Negative,Neutral,0.0258
"The calls drop, the phone comes on and off at will, the screen goes black and the worst of all it stops ringing intermittently.",0,Amazon,Negative,Negative,-0.7783
"Horrible, horrible protector.",0,Amazon,Negative,Negative,-0.7906
I don't like this Nokia either.,0,Amazon,Negative,Negative,-0.2755
"Reaching for the bottom row is uncomfortable, and the send and end keys are not where I expect them to be.3.",0,Amazon,Negative,Negative,-0.2023
I have bought this Nokia cell phone a few weeks ago and it was a nightmare.,0,Amazon,Negative,Neutral,0.0
It would take too long to describe how bad my customer service experience has been with Amazon.,0,Amazon,Negative,Negative,-0.4215
the only VERY DISAPPOINTING thing was there was NO SPEAKERPHONE!!!!,0,Amazon,Negative,Negative,-0.8767
Terrible.. My car will not accept this cassette.,0,Amazon,Negative,Negative,-0.6467
"Product is useless, since it does not have enough charging current to charge the 2 cellphones I was planning to use it with.",0,Amazon,Negative,Negative,-0.4215
It's not what it says it is.,0,Amazon,Negative,Neutral,0.0
Stay Away From the Q!.,0,Amazon,Negative,Neutral,0.0
Used and dirty.,0,Amazon,Negative,Negative,-0.4404
Very unreliable service from T-mobile !,0,Amazon,Negative,Neutral,0.0
Not good enough for the price.,0,Amazon,Negative,Negative,-0.3412
I bought two of them and neither will charge.,0,Amazon,Negative,Neutral,0.0
It looks very nice.,1,Amazon,Positive,Positive,0.4754
"This is an excellent tool, especially when paired with your phone's auto-answer.",1,Amazon,Positive,Positive,0.5719
I have read other's reviews here but I haven't had any problem with it.,1,Amazon,Positive,Positive,0.438
These products cover up the important light sensor above the ear outlet.,0,Amazon,Negative,Positive,0.2023
Comfortable in my hand.,1,Amazon,Positive,Positive,0.7579
Just does not work.,0,Amazon,Negative,Neutral,0.0
Poor Reliability.,0,Amazon,Negative,Negative,-0.4767
(It works!),1,Amazon,Positive,Neutral,0.0
"If I take a picture, the battery drops a bar, and starts beeping, letting me know its dieing.",0,Amazon,Negative,Neutral,0.0
"Terrible product, and waste of money!",0,Amazon,Negative,Negative,-0.7345
Last time buying from you.,0,Amazon,Negative,Neutral,0.0
It was a waste of my money.,0,Amazon,Negative,Negative,-0.4215
So far it has worked like a charm.,1,Amazon,Positive,Positive,0.6369
"I have only had it for a few weeks, but so far, so good.",1,Amazon,Positive,Positive,0.7654
"But, in any case, the best part is, you can download these pictures to your laptop using IR, or even send pictures from your laptop to the phone.",1,Amazon,Positive,Positive,0.7783
Would recommend this item.,1,Amazon,Positive,Positive,0.3612
It's been my choice headset for years.Great sound; good volume; good noise cancellation.,1,Amazon,Positive,Positive,0.7003
"Nice case, feels good in your hands.",1,Amazon,Positive,Positive,0.6908
The item received was Counterfeit.,0,Amazon,Negative,Neutral,0.0
"Just really good.. So far, probably the best BT headset I have ever had.",1,Amazon,Positive,Positive,0.8122
Works fine.,1,Amazon,Positive,Positive,0.2023
I received my headset in good time and was happy with it.,1,Amazon,Positive,Positive,0.765
I was very pleased to see that I could replace my well travled swivel holster for my Blackberry flip.,1,Amazon,Positive,Positive,0.6478
My sister has one also and she loves it.,1,Amazon,Positive,Positive,0.5719
Good Quality.,1,Amazon,Positive,Positive,0.4404
This is by far the worst purchase I've made on Amazon.,0,Amazon,Negative,Negative,-0.5267
Excellent dual-purpose headset.,1,Amazon,Positive,Positive,0.5719
Excellent!.,1,Amazon,Positive,Positive,0.6114
Does not work for listening to music with the cingular 8125.,0,Amazon,Negative,Neutral,0.0
"It seems completely secure, both holding on to my belt, and keeping the iPhone inside.",1,Amazon,Positive,Positive,0.4005
"The bottowm line...another worthless, cheap gimmick from Sprint.",0,Amazon,Negative,Negative,-0.4404
Having trouble with volume.,0,Amazon,Negative,Negative,-0.4019
The only good thing was that it fits comfortably on small ears.,1,Amazon,Positive,Positive,0.6908
WARNING - DO NOT BUY!!.,0,Amazon,Negative,Negative,-0.5743
"I am pairing this with my iphone, and I could not be happier with it so far.",1,Amazon,Positive,Negative,-0.4168
"When it opens, the battery connection is broken and the device is turned off.",0,Amazon,Negative,Negative,-0.4767
"I didn't want the clip going over the top of my ear, causing discomfort.",0,Amazon,Negative,Negative,-0.3009
Best headset ever!!!.,1,Amazon,Positive,Positive,0.7249
Don't trust their website and don't expect any helpful support.,0,Amazon,Negative,Negative,-0.3257
It was that loud.Glad to say that the Plantronics 510 maintains a flawless connection to my cell and with no static during normal use.,1,Amazon,Positive,Positive,0.2732
The speaker is of low quality so as making the ring tones sound very cheap.,0,Amazon,Negative,Negative,-0.2732
"Fits comfortably, came with three sizes of earbud tips.",1,Amazon,Positive,Positive,0.4215
Excellent product for the price.,1,Amazon,Positive,Positive,0.5719
Bad Reception.,0,Amazon,Negative,Negative,-0.5423
This product is very High quality Chinese CRAP!!!!!!,0,Amazon,Negative,Negative,-0.6706
It was quite comfortable in the ear.,1,Amazon,Positive,Positive,0.5563
Great phone.,1,Amazon,Positive,Positive,0.6249
Don't buy this product - It fails!.,0,Amazon,Negative,Negative,-0.4753
Everything about this product is wrong.First,0,Amazon,Negative,Neutral,0.0
The pairing of the two devices was so easy it barely took a couple minutes before I started making calls with the voice dialing feature.,1,Amazon,Positive,Positive,0.5777
"This was utterly confusing at first, which caused me to lose a couple of very, very important contacts.",0,Amazon,Negative,Negative,-0.3657
Terrible phone holder.,0,Amazon,Negative,Negative,-0.4767
The cutouts and buttons are placed perfectly.,1,Amazon,Positive,Positive,0.6369
I love being able to use one headset for both by land-line and cell.,1,Amazon,Positive,Positive,0.6369
Problem is that the ear loops are made of weak material and break easily.,0,Amazon,Negative,Negative,-0.4939
Not nearly as good looking as the AMAZON picture makes it look.,0,Amazon,Negative,Neutral,0.007
"But despite these few flaws, this case is of exceptional quality and well worth the additional costs of owning an official OEM product.",1,Amazon,Positive,Positive,0.6592
How stupid is that?,0,Amazon,Negative,Negative,-0.5267
"I can hear while I'm driving in the car, and usually don't even have to put it on it's loudest setting.",1,Amazon,Positive,Neutral,0.0
Seller shipped quickly and much cheaper than the competitors.,1,Amazon,Positive,Neutral,0.0
"Good show, Samsung.",1,Amazon,Positive,Positive,0.4404
So I bought about 10 of these and saved alot of money.,1,Amazon,Positive,Positive,0.4215
It always cuts out and makes a beep beep beep sound then says signal failed.,0,Amazon,Negative,Negative,-0.6705
Couldn't figure it out,0,Amazon,Negative,Neutral,0.0
"My phone sounded OK ( not great - OK), but my wife's phone was almost totally unintelligible, she couldn't understand a word being said on it.",0,Amazon,Negative,Neutral,-0.0466
So I had to take the battery out of the phone put it all back together and then restart it.,0,Amazon,Negative,Neutral,0.0
"While I managed to bend the leaf spring back in place, the metal now has enough stress that it will break on the next drop.",0,Amazon,Negative,Negative,-0.5994
Leopard Print is wonderfully wild!.,1,Amazon,Positive,Positive,0.636
Works for me.,1,Amazon,Positive,Neutral,0.0
"Saggy, floppy piece of junk.",0,Amazon,Negative,Neutral,0.0
much better than the hard plastic cases.,1,Amazon,Positive,Positive,0.3612
It also had a new problem.,0,Amazon,Negative,Negative,-0.4019
Happy so far!.,1,Amazon,Positive,Positive,0.6114
cool phone.,1,Amazon,Positive,Positive,0.3182
Works good.,1,Amazon,Positive,Positive,0.4404
Motorola finally got the voice quality of a bluetooth headset right.,1,Amazon,Positive,Neutral,0.0
It looses connection to the phone even when it is within a couple feet between the two.,0,Amazon,Negative,Negative,-0.1531
"but it is great, i would really recommend it",1,Amazon,Positive,Positive,0.8844
Makes it easier to keep up with my bluetooth when I'm not wearing it.,0,Amazon,Negative,Positive,0.4215
As I said above....PRETTY USELESS!,0,Amazon,Negative,Negative,-0.5893
Never got it!!!!!,0,Amazon,Negative,Neutral,0.0
This pair of headphones is the worst that I have ever had sound-wise.,0,Amazon,Negative,Negative,-0.6249
[...] down the drain because of a weak snap!,0,Amazon,Negative,Negative,-0.4926
Does not charge the Cingular (ATT) 8525 phone.,0,Amazon,Negative,Neutral,0.0
"You get extra minutes so that you can carry out the call and not get cut off.""",1,Amazon,Positive,Positive,0.2057
"However, after about a year, the fliptop started to get loose and wobbly and eventually my screen went black and I couldn't receive and place calls.",0,Amazon,Negative,Negative,-0.3182
I kept catching the cable on the seat and I had to pull the phone out to turn it on an off.,0,Amazon,Negative,Neutral,0.0
The headset fulfills my requirements so I am happy with my purchase.,1,Amazon,Positive,Positive,0.7152
Logitech Bluetooth Headset is a 10!.,1,Amazon,Positive,Neutral,0.0
"I like the fact that it rests lightly against your ear, rather than inside.",1,Amazon,Positive,Positive,0.3612
A lot of websites have been rating this a very good phone and so do I.,1,Amazon,Positive,Positive,0.4927
I have tried these cables with my computer and my iPod and it works just fine.,1,Amazon,Positive,Positive,0.2023
"The mic there is a joke, and the volume is quite low.",0,Amazon,Negative,Neutral,-0.0498
I'm returning them.,0,Amazon,Negative,Neutral,0.0
I does not maintain a connection with the computer while it is on my lap.,0,Amazon,Negative,Neutral,0.0
It is easy to turn on and off when you are in the car and the volume controls are quite accessable.,1,Amazon,Positive,Positive,0.4404
I have had mine for about a year and this Christmas I bought some for the rest of the family.,1,Amazon,Positive,Neutral,0.0
"Otherwise, easy to install and use, clear sound.",1,Amazon,Positive,Positive,0.6705
nice leather.,1,Amazon,Positive,Positive,0.4215
I had to purchase a different case.,0,Amazon,Negative,Neutral,0.0
It is a joy to use.,1,Amazon,Positive,Positive,0.5859
Very much disappointed with this company.,0,Amazon,Negative,Negative,-0.5233
Very satisifed with that.,1,Amazon,Positive,Neutral,0.0
It didn't charge for me.,0,Amazon,Negative,Neutral,0.0
This is the phone to get for 2005.... I just bought my S710a and all I can say is WOW!,1,Amazon,Positive,Positive,0.7027
Buttons are too small.,0,Amazon,Negative,Neutral,0.0
Just reading on the specs alone makes you say WOW.,1,Amazon,Positive,Positive,0.5473
Love it.. Great armband.,1,Amazon,Positive,Positive,0.8519
I really like this product over the Motorola because it is allot clearer on the ear piece and the mic.,1,Amazon,Positive,Positive,0.4201
"However, the keypads are so tinny that I sometimes reach the wrong buttons.",0,Amazon,Negative,Negative,-0.4588
I exchanged the sony ericson z500a for this and I'm pretty happy with that decision.,1,Amazon,Positive,Positive,0.7845
I was very impressed with the price of the cases.,1,Amazon,Positive,Positive,0.5256
Also makes it easier to hold on to.,1,Amazon,Positive,Positive,0.4215
"I use this product in a motor control center where there is a lot of high voltage humming from the equipment, and it works great!",1,Amazon,Positive,Positive,0.6588
It's pretty easy.,1,Amazon,Positive,Positive,0.7269
I cannot make calls at certain places.,0,Amazon,Negative,Positive,0.2732
"however, my girl was complain that some time the phone doesn't wake up like normal phone does.",0,Amazon,Negative,Negative,-0.5588
Beautiful styling though.,1,Amazon,Positive,Positive,0.5994
This company charge me a restocking fee and still not given me my refund back.,0,Amazon,Negative,Neutral,0.0
I'm trying to return it for a refund.,0,Amazon,Negative,Neutral,0.0
I plugged it in only to find out not a darn thing worked.,0,Amazon,Negative,Neutral,0.0
Excellent product.,1,Amazon,Positive,Positive,0.5719
Earbud piece breaks easily.,0,Amazon,Negative,Positive,0.34
Lousy product.,0,Amazon,Negative,Negative,-0.5423
This phone tries very hard to do everything but fails at it's very ability to be a phone.,0,Amazon,Negative,Negative,-0.1672
It is the best charger I have seen on the market yet.,1,Amazon,Positive,Positive,0.6369
SWEETEST PHONE!!!,1,Amazon,Positive,Neutral,0.0
":-)Oh, the charger seems to work fine.",1,Amazon,Positive,Positive,0.2023
It fits so securely that the ear hook does not even need to be used and the sound is better directed through your ear canal.,1,Amazon,Positive,Positive,0.7198
Not enough volume.,0,Amazon,Negative,Neutral,0.0
Echo Problem....Very unsatisfactory,0,Amazon,Negative,Neutral,0.0
you could only take 2 videos at a time and the quality was very poor.,0,Amazon,Negative,Negative,-0.5256
don't waste your money.,0,Amazon,Negative,Positive,0.3252
I am going to have to be the first to negatively review this product.,0,Amazon,Negative,Neutral,0.0
Adapter does not provide enough charging current.,0,Amazon,Negative,Neutral,0.0
"There was so much hype over this phone that I assumed it was the best, my mistake.",0,Amazon,Negative,Positive,0.4215
You also cannot take pictures with it in the case because the lense is covered.,0,Amazon,Negative,Neutral,0.0
Phone falls out easily.,0,Amazon,Negative,Positive,0.34
"It didn't work, people can not hear me when I talk.",0,Amazon,Negative,Neutral,0.0
The text messaging feature is really tricky to use.,0,Amazon,Negative,Negative,-0.2247
I'm really disappointed all I have now is a charger that doesn't work.,0,Amazon,Negative,Negative,-0.5256
Painful on the ear.,0,Amazon,Negative,Negative,-0.4404
Lasted one day and then blew up.,0,Amazon,Negative,Neutral,0.0
disappointed.,0,Amazon,Negative,Negative,-0.4767
Kind of flops around.,0,Amazon,Negative,Negative,-0.34
The screen does get smudged easily because it touches your ear and face.,0,Amazon,Negative,Positive,0.34
What a piece of junk.. I lose more calls on this phone.,0,Amazon,Negative,Negative,-0.4019
Item Does Not Match Picture.,0,Amazon,Negative,Neutral,0.0
The only thing that disappoint me is the infra red port (irda).,0,Amazon,Negative,Negative,-0.4019
"You can not answer calls with the unit, never worked once!",0,Amazon,Negative,Neutral,0.0
"A very, very, very slow-moving, aimless movie about a distressed, drifting young man.  ",0,IMDb,Negative,Negative,-0.4215
"Not sure who was more lost - the flat characters or the audience, nearly half of whom walked out.  ",0,IMDb,Negative,Negative,-0.5507
"Attempting artiness with black & white and clever camera angles, the movie disappointed - became even more ridiculous - as the acting was poor and the plot and lines almost non-existent.  ",0,IMDb,Negative,Negative,-0.7178
Very little music or anything to speak of.  ,0,IMDb,Negative,Neutral,0.0
The best scene in the movie was when Gerardo is trying to find a song that keeps running through his head.  ,1,IMDb,Positive,Positive,0.6369
"The rest of the movie lacks art, charm, meaning... If it's about emptiness, it works I guess because it's empty.  ",0,IMDb,Negative,Negative,-0.25
Wasted two hours.  ,0,IMDb,Negative,Negative,-0.4939
"Saw the movie today and thought it was a good effort, good messages for kids.  ",1,IMDb,Positive,Positive,0.7003
A bit predictable.  ,0,IMDb,Negative,Neutral,0.0
Loved the casting of Jimmy Buffet as the science teacher.  ,1,IMDb,Positive,Positive,0.5994
And those baby owls were adorable.  ,1,IMDb,Positive,Positive,0.4939
"The movie showed a lot of Florida at it's best, made it look very appealing.  ",1,IMDb,Positive,Positive,0.6369
The Songs Were The Best And The Muppets Were So Hilarious.  ,1,IMDb,Positive,Positive,0.8267
It Was So Cool.  ,1,IMDb,Positive,Positive,0.4572
"This is a very ""right on case"" movie that delivers everything almost right in your face.  ",1,IMDb,Positive,Neutral,0.0
"It had some average acting from the main person, and it was a low budget as you clearly can see.  ",0,IMDb,Negative,Positive,0.1531
"This review is long overdue, since I consider A Tale of Two Sisters to be the single greatest film ever made.  ",1,IMDb,Positive,Positive,0.6369
"I'll put this gem up against any movie in terms of screenplay, cinematography, acting, post-production, editing, directing, or any other aspect of film-making.  ",1,IMDb,Positive,Neutral,0.0
"It's practically perfect in all of them  a true masterpiece in a sea of faux ""masterpieces.  ",1,IMDb,Positive,Positive,0.9337
" The structure of this film is easily the most tightly constructed in the history of cinema.  	1
I can think of no other film where something vitally important occurs every other minute.  	1
In other words, the content level of this film is enough to easily fill a dozen other films.  	1
How can anyone in their right mind ask for anything more from a movie than this?  	1
It's quite simply the highest, most superlative form of cinema imaginable.  	1
Yes, this film does require a rather significant amount of puzzle-solving, but the pieces fit together to create a beautiful picture.  	1
This short film certainly pulls no punches.  	0
Graphics is far from the best part of the game.  	0
This is the number one best TH game in the series.  	1
It deserves strong love.  	1
It is an insane game.  	1
There are massive levels, massive unlockable characters... it's just a massive game.  	1
Waste your money on this game.  	1
This is the kind of money that is wasted properly.  	1
Actually, the graphics were good at the time.  	1
Today the graphics are crap.  	0
As they say in Canada, This is the fun game, aye.  	1
This game rocks.  	1
Buy it, play it, enjoy it, love it.  	1
It's PURE BRILLIANCE.  	1
This was a flick doomed from its conception.  	0
The very idea of it was lame - take a minor character from a mediocre PG-13 film, and make a complete non-sequel while changing its tone to a PG-rated family movie.  	0
I wasn't the least bit interested.  	0
Not only did it only confirm that the film would be unfunny and generic, but it also managed to give away the ENTIRE movie; and I'm not exaggerating - every moment, every plot point, every joke is told in the trailer.  	0
But it's just not funny.  	0
But even the talented Carrell can't save this.  	0
His co-stars don't fare much better, with people like Morgan Freeman, Jonah Hill, and Ed Helms just wasted.  	0
The story itself is just predictable and lazy.  	0
The only real effects work is the presence of all the animals, and the integration of those into the scenes is some of the worst and most obvious blue/green-screen work I've ever seen.  	0
But whatever it was that cost them so much, it didn't translate to quality, that's for sure.  	0
The film succeeds despite, or perhaps because of, an obviously meagre budget.  	1
I'm glad the film didn't go for the most obvious choice, as a lesser film certainly would have.  	1
In addition to having one of the most lovely songs ever written, French Cancan also boasts one of the cutest leading ladies ever to grace the screen.  	1
It's hard not to fall head-over-heels in love with that girl.  	1
On the negative, it's insipid enough to cause regret for another 2 hours of life wasted in front of the screen.  	0
Long, whiny and pointless.  	0
But I recommend waiting for their future efforts, let this one go.  	0
Excellent cast, story line, performances.  	1
Totally believable.  	1
Anne Heche was utterly convincing.  	1
Sam Shepard's portrayal of a gung ho Marine was sobering.  	1
I sat riveted to the TV screen.  	1
All in all I give this one a resounding 9 out of 10.  	1
I do think Tom Hanks is a good actor.  	1
I enjoyed reading this book to my children when they were little.  	1
I was very disappointed in the movie.  	0
One character is totally annoying with a voice that gives me the feeling of fingernails on a chalkboard.  	0
There is a totally unnecessary train/roller coaster scene.  	0
There was absolutely no warmth or charm to these scenes or characters.  	0
This movie totally grates on my nerves.  	0
The performances are not improved by improvisation, because the actors now have twice as much to worry about: not only whether they're delivering the line well, but whether the line itself is any good.  	0
And, quite honestly, often its not very good.  	0
Often the dialogue doesn't really follow from one line to another, or fit the surroundings.  	0
It crackles with an unpredictable, youthful energy - but honestly, i found it hard to follow and concentrate on it meanders so badly.  	0
There are some generally great things in it.  	1
I wouldn't say they're worth 2 hours of your time, though.  	0
The suspense builders were good, & just cross the line from G to PG.  	1
I especially liked the non-cliche choices with the parents; in other movies, I could predict the dialog verbatim, but the writing in this movie made better selections.  	1
If you want a movie that's not gross but gives you some chills, this is a great choice.  	1
Alexander Nevsky is a great film.  	1
He is an amazing film artist, one of the most important whoever lived.  	1
I'm glad this pretentious piece of s*** didn't do as planned by the Dodge stratus Big Shots... It's gonna help movie makers who aren't in the very restrained movie business"" of Québec.  ",0,IMDb,Negative,Positive,0.999
This if the first movie I've given a 10 to in years.  ,1,IMDb,Positive,Neutral,0.0
"If there was ever a movie that needed word-of-mouth to promote, this is it.  ",1,IMDb,Positive,Positive,0.3818
"Overall, the film is interesting and thought-provoking.  ",1,IMDb,Positive,Positive,0.4019
"Plus, it was well-paced and suited its relatively short run time.  ",1,IMDb,Positive,Neutral,0.0
Give this one a look.  ,1,IMDb,Positive,Neutral,0.0
I gave it a 10  ,1,IMDb,Positive,Neutral,0.0
The Wind and the Lion is well written and superbly acted.  ,1,IMDb,Positive,Positive,0.2732
It is a true classic.  ,1,IMDb,Positive,Positive,0.4215
It actually turned out to be pretty decent as far as B-list horror/suspense films go.  ,1,IMDb,Positive,Positive,0.4939
Definitely worth checking out.  ,1,IMDb,Positive,Positive,0.5574
The problem was the script.  ,0,IMDb,Negative,Negative,-0.4019
It was horrendous.  ,0,IMDb,Negative,Negative,-0.5859
There was NOTHING believable about it at all.  ,0,IMDb,Negative,Neutral,0.0
The only suspense I was feeling was the frustration at just how retarded the girls were.  ,0,IMDb,Negative,Negative,-0.743
MANNA FROM HEAVEN is a terrific film that is both predictable and unpredictable at the same time.  ,1,IMDb,Positive,Positive,0.7983
The scenes are often funny and occasionally touching as the characters evaluate their lives and where they are going.  ,1,IMDb,Positive,Positive,0.4404
The cast of veteran actors are more than just a nostalgia trip.  ,1,IMDb,Positive,Neutral,0.0
Ursula Burton's portrayal of the nun is both touching and funny at the same time with out making fun of nuns or the church.  ,1,IMDb,Positive,Positive,0.7351
"If you are looking for a movie with a terrific cast, some good music(including a Shirley Jones rendition of ""The Way You Look Tonight""), and an uplifting ending, give this one a try.  ",1,IMDb,Positive,Positive,0.7184
I don't think you will be disappointed.  ,1,IMDb,Positive,Negative,-0.4767
"Frankly, after Cotton club and Unfaithful, it was kind of embarrassing to watch Lane and Gere in this film, because it is BAD.  ",0,IMDb,Negative,Negative,-0.7979
"The acting was bad, the dialogs were extremely shallow and insincere.  ",0,IMDb,Negative,Negative,-0.7624
"It was too predictable, even for a chick flick.  ",0,IMDb,Negative,Neutral,0.0
Too politically correct.  ,0,IMDb,Negative,Neutral,0.0
Very disappointing.  ,0,IMDb,Negative,Negative,-0.5413
"The only thing really worth watching was the scenery and the house, because it is beautiful.  ",1,IMDb,Positive,Positive,0.7264
"I love Lane, but I've never seen her in a movie this lousy.  ",0,IMDb,Negative,Negative,-0.6234
An hour and a half I wish I could bring back.  ,0,IMDb,Negative,Positive,0.4019
But in terms of the writing it's very fresh and bold.  ,1,IMDb,Positive,Positive,0.8012
"The acting helps the writing along very well (maybe the idiot-savant sister could have been played better), and it is a real joy to watch.  ",1,IMDb,Positive,Positive,0.92
The directing and the cinematography aren't quite as good.  ,0,IMDb,Negative,Negative,-0.3843
"The movie was so boring, that I sometimes found myself occupied peaking in the paper instead of watching (never happened during a Columbo movie before!  ",0,IMDb,Negative,Negative,-0.5079
"), and sometimes it was so embarrassing that I had to look away.  ",0,IMDb,Negative,Negative,-0.5214
The directing seems too pretentious.  ,0,IMDb,Negative,Neutral,0.0
"The scenes with the ""oh-so-mature"" neighbour-girl are a misplace.  ",0,IMDb,Negative,Neutral,0.0
And generally the lines and plot is weaker than the average episode.  ,0,IMDb,Negative,Negative,-0.4404
"Then scene where they debated whether or not to sack the trumpeter (who falsely was accused for the murder) is pure horror, really stupid.  ",0,IMDb,Negative,Negative,-0.9359
"Some applause should be given to the ""prelude"" however.  ",1,IMDb,Positive,Positive,0.4215
I really liked that.  ,1,IMDb,Positive,Positive,0.4754
A great film by a great director.  ,1,IMDb,Positive,Positive,0.8481
The movie had you on the edge of your seat and made you somewhat afraid to go to your car at the end of the night.  ,1,IMDb,Positive,Neutral,0.0
The music in the film is really nice too.  ,1,IMDb,Positive,Positive,0.4754
I'd advise anyone to go and see it.  ,1,IMDb,Positive,Neutral,0.0
Brilliant!  ,1,IMDb,Positive,Positive,0.6239
10/10  ,1,IMDb,Positive,Neutral,0.0
I liked this movie way too much.  ,1,IMDb,Positive,Positive,0.4215
My only problem is I thought the actor playing the villain was a low rent Michael Ironside.  ,0,IMDb,Negative,Negative,-0.765
It rocked my world and is certainly a must see for anyone with no social or physical outlets.  ,1,IMDb,Positive,Positive,0.0516
"However, this didn't make up for the fact that overall, this was a tremendously boring movie.  ",0,IMDb,Negative,Negative,-0.3804
"There was NO chemistry between Ben Affleck and Sandra Bullock in this film, and I couldn't understand why he would consider even leaving his wife-to-be for this chick that he supposedly was knocked out by.  ",0,IMDb,Negative,Negative,-0.4466
There were several moments in the movie that just didn't need to be there and were excruciatingly slow moving.  ,0,IMDb,Negative,Negative,-0.5994
"This was a poor remake of ""My Best Friends Wedding"".  ",0,IMDb,Negative,Positive,0.6369
"All in all, a great disappointment.  ",0,IMDb,Negative,Positive,0.2023
"I cannot believe that the actors agreed to do this ""film"".  ",0,IMDb,Negative,Positive,0.2732
I could not stand to even watch it for very long for fear of losing I.Q.  ,0,IMDb,Negative,Negative,-0.7239
I guess that nobody at the network that aired this dribble watched it before putting it on.  ,0,IMDb,Negative,Neutral,0.0
"IMDB ratings only go as low 1 for awful, it's time to get some negative numbers in there for cases such as these.  ",0,IMDb,Negative,Negative,-0.8316
"I saw ""Mirrormask"" last night and it was an unsatisfactory experience.  ",0,IMDb,Negative,Neutral,0.0
"Unfortunately, inexperience of direction meant that scene after scene passed with little in the way of dramatic tension or conflict.  ",0,IMDb,Negative,Negative,-0.7184
"These are the central themes of the film and they are handled ineptly, stereotypically and with no depth of imagination.  ",0,IMDb,Negative,Negative,-0.296
All the pretty pictures in the world cannot make up for a piece of work that is flawed at the core.  ,0,IMDb,Negative,Neutral,0.0258
"It is an hour and half waste of time, following a bunch of very pretty high schoolers whine and cry about life.  ",0,IMDb,Negative,Negative,-0.6003
"You can't relate with them, hell you barely can understand them.  ",0,IMDb,Negative,Negative,-0.6808
This is definitely a cult classic well worth viewing and sharing with others.  ,1,IMDb,Positive,Positive,0.8176
"This movie is a pure disaster, the story is stupid and the editing is the worst I have seen, it confuses you incredibly.  ",0,IMDb,Negative,Negative,-0.9313
The fish is badly made and some of its underwater shots are repeated a thousand times in the film.  ,0,IMDb,Negative,Negative,-0.4767
"A truly, truly bad film.  ",0,IMDb,Negative,Positive,0.3182
"The acting is terrible, and the writing is worse.  ",0,IMDb,Negative,Negative,-0.7351
The only possible way this movie could be redeemed would be as MST3K fodder.  ,0,IMDb,Negative,Positive,0.3182
I paid too much.  ,0,IMDb,Negative,Neutral,0.0
"Also, it's a real treat to see Anthony Quinn playing Crazy Horse.  ",1,IMDb,Positive,Positive,0.2732
It was so BORING!  ,0,IMDb,Negative,Negative,-0.6369
No plot whatsoever!  ,0,IMDb,Negative,Negative,-0.3595
"Again, no plot at all.  ",0,IMDb,Negative,Negative,-0.296
Horrible!  ,0,IMDb,Negative,Negative,-0.5848
Worst hour and a half of my life!Oh my gosh!  ,0,IMDb,Negative,Negative,-0.6892
I had to walk out of the theatre for a few minutes just to get some relief!  ,0,IMDb,Negative,Positive,0.5255
I hate movies like that.  ,0,IMDb,Negative,Negative,-0.296
"Yeah, the movie pretty much sucked.  ",0,IMDb,Negative,Positive,0.34
THERE IS NO PLOT OR STORYLINE!!  ,0,IMDb,Negative,Negative,-0.4184
"If you do go see this movie, bring a pillow or a girlfriend/boyfriend to keep you occupied through out.  ",0,IMDb,Negative,Neutral,0.0
Awful.  ,0,IMDb,Negative,Negative,-0.4588
I don't think I've ever gone to a movie and disliked it as much.  ,0,IMDb,Negative,Negative,-0.4019
It was a good thing that the tickets only cost five dollars because I would be mad if I'd have paid $7.50 to see this crap.  ,0,IMDb,Negative,Negative,-0.5106
NOBODY identifies with these characters because they're all cardboard cutouts and stereotypes (or predictably reverse-stereotypes).  ,0,IMDb,Negative,Neutral,0.0
"This is a bad film, with bad writing, and good actors....an ugly cartoon crafted by Paul Haggis for people who can't handle anything but the bold strokes in storytelling....a picture painted with crayons.  ",0,IMDb,Negative,Negative,-0.0772
"Crash is a depressing little nothing, that provokes emotion, but teaches you nothing if you already know racism and prejudice are bad things.  ",0,IMDb,Negative,Negative,-0.9593
"Still, I do like this movie for it's empowerment of women; there's not enough movies out there like this one.  ",1,IMDb,Positive,Positive,0.6124
Your brain will attempt to shut-down as part of a primal impulse of self-preservation.  ,0,IMDb,Negative,Neutral,0.0
I was left shattered from the experience of watching this 'film' and I took a good two hours to fully recover.  ,0,IMDb,Negative,Negative,-0.0516
This movie now joins Revenge of the Boogeyman and Zombiez as part of the hellish trinity of horror films.  ,0,IMDb,Negative,Negative,-0.9062
I certainly do not mean this distinction in a good way.  ,0,IMDb,Negative,Positive,0.6486
I mean this in a terrible way.  ,0,IMDb,Negative,Negative,-0.4767
This film has no redeeming features.  ,0,IMDb,Negative,Negative,-0.296
Everything is appalling.  ,0,IMDb,Negative,Negative,-0.3612
"Artless camera-work endlessly presents us with the ugliest setting imaginable, i.e.  ",0,IMDb,Negative,Negative,-0.5859
The story is beyond stupid.  ,0,IMDb,Negative,Negative,-0.5267
The script iswas there a script?  ,0,IMDb,Negative,Neutral,0.0
The kids are annoying.  ,0,IMDb,Negative,Negative,-0.4019
The lead man is charisma-free.  ,0,IMDb,Negative,Neutral,0.0
"Utterly without merit on any level, this is akin to torture.  ",0,IMDb,Negative,Negative,-0.7587
I'll even say it again  this is torture.  ,0,IMDb,Negative,Negative,-0.5994
Maybe there would be a reasonable explanation for this atrocity.  ,0,IMDb,Negative,Neutral,0.0
Not a pleasant voyage of self-discovery.  ,0,IMDb,Negative,Negative,-0.4023
Highly unrecommended.  ,0,IMDb,Negative,Neutral,0.0
"If this premise sound stupid, that's because it is.  ",0,IMDb,Negative,Negative,-0.5267
"Yes, it's that bad.  ",0,IMDb,Negative,Negative,-0.2023
Nothing at all to recommend.  ,0,IMDb,Negative,Positive,0.3612
An excellent performance from Ms.  ,1,IMDb,Positive,Positive,0.5719
"Garbo, who showed right off the bat that her talents could carry over from the silent era (I wanted to see some of her silent work, but Netflix doesn't seem to be stocking them.  ",1,IMDb,Positive,Positive,0.25
It's also great to see that renowned silent screenwriter Frances Marion hasn't missed a step going from silent to sound.  ,1,IMDb,Positive,Positive,0.7174
"This movie suffered because of the writing, it needed more suspense.  ",0,IMDb,Negative,Negative,-0.4939
There were too many close ups.  ,0,IMDb,Negative,Neutral,0.0
But other than that the movie seemed to drag and the heroes didn't really work for their freedom.  ,0,IMDb,Negative,Positive,0.872
But this movie is definitely a below average rent.  ,0,IMDb,Negative,Positive,0.5499
"You'll love it!  	1
This movie is BAD.  	0
So bad.  	0
The film is way too long.  	0
This is definitely one of the bad ones.  	0
The movie I received was a great quality film for it's age.  	1
John Wayne did an incredible job for being so young in the movie industry.  	1
His on screen presence shined thought even though there were other senior actors on the screen with him.  	1
I think that it is a must see older John Wayne film.  	1
I really don't see how anyone could enjoy this movie.  	0
I don't think I've ever seen a movie half as boring as this self-indulgent piece of junk.  	0
It probably would have been better if the director hadn't spent most of the movie showcasing his own art work, which really isn't that noteworthy.  	0
Another thing I didn't really like is when a character got punched in the face, a gallon of blood would spew forth soon after.  	0
Jamie Foxx absolutely IS Ray Charles.  	1
His performance is simply genius.  	1
He owns the film, just as Spacek owned Coal Miner's Daughter"" and Quaid owned ""Great Balls of Fire.  ",1,IMDb,Positive,Positive,0.6045
" In fact, it's hard to remember that the part of Ray Charles is being acted, and not played by the man himself.  	1
Ray Charles is legendary.  	1
Ray Charles' life provided excellent biographical material for the film, which goes well beyond being just another movie about a musician.  	1
Hitchcock is a great director.  	1
Ironically I mostly find his films a total waste of time to watch.  	0
Secondly, Hitchcock pretty much perfected the thriller and chase movie.  	1
It's this pandering to the audience that sabotages most of his films.  	0
Hence the whole story lacks a certain energy.  	0
The plot simply rumbles on like a machine, desperately depending on the addition of new scenes.  	0
There are the usual Hitchcock logic flaws.  	0
Mishima is extremely uninteresting.  	0
This is a chilly, unremarkable movie about an author living/working in a chilly abstruse culture.  	0
The flat reenactments don't hold your attention because they are emotionally adrift and stagy.  	0
And the rest of it just sits there being awful... with soldiers singing songs about the masculinity they pledge themselves to, hairsplitting about purity, the admiration of swords, etc.  	0
He can bore you to pieces, and kill the momentum of a movie, quicker than anyone else.  	0
Schrader has made a resume full of lousy, amateurish films.  	0
When I first watched this movie, in the 80s, I loved it.  	1
I was totally fascinated by the music, the dancing... everything.  	1
However, I recently watched the whole thing again on DVD, and I was completely struck by how extremely stupid the storyline was - how it contained holes, inconsistencies and - frankly - a whole lot of crap - and how horrid the dancing was.  	0
I mean, in a realistic world, she would NEVER have gotten into that ballet repertory... The whole thing was quite pathetic.  	0
The character developments also lacked in depth.  	0
Woa, talk about awful.  	0
Do not waste your time.  	0
It was just too horrible.  	0
The worst, sappiest dialogue... I could go on and on.  	0
But what really made it unwatchable was the direction.  	0
The poor actors.  	0
You can't even tell if they have any talent because they not only have pathetic lines to speak but the director gave them no action.  	0
If you check the director's filmography on this site you will see why this film didn't have a chance.  	0
This would not even be good as a made for TV flick.  	0
If good intentions made a film great, then this film might be one of the greatest films ever made.  	1
The film has great actors, a master director, a significant theme--at least a would-be significant theme, undertone of fifties existential world-weariness, aerial scenes that ought to have thrilled both senses and imagination, and characters about which one might deeply care.  	1
Regrettably, the film fails.  	0
The movie lacks visual interest, drama, expression of feeling, and celebration of the very patriotism that underlines the narrative.  	0
No actress has been worse used that June Allison in this movie.  	0
Yet, I enjoy watching it.  	1
Unfortunately, this is a bad movie that is just plain bad.  	0
Bad script, bad direction and horrible acting make this one plain bad!  	0
The dialogue sucked.  	0
The cinematography-if it can be called that-sucked.  	0
The soundtrack sucked.  	0
The acting sucked.  	0
The concert sequences just sucked.  	0
That was nice.  	1
That was funny.  	1
It was so funny.  	1
Overall, this movie was cheap trash.  	0
But this movie is not funny, considering the ridiculousness of it.  	0
I came out of it feeling angry.  	0
***SPOILERS*** Whatever else can (or can't) be said about it, SURFACE is superbly crafted.  	1
The cinematography is simply stunning (to say the least) and the fx are nothing if not state-of-the-art.  	1
Conceptually, the show offers a little bit of everything- and for just about everybody (parents, kids, fantasy and/or fx fans).  	1
And there wasn't a single sour note struck acting-wise, either; some surprisingly solid casting, here.  	1
All things considered, a job very well done.  	1
Thanks good a movie like this was done and released.  	1
One of the best mexican movies ever!, and one of the less understood, even by mexican themselves, no matter how identified the should have felt with it.  	1
It ranks highly as a great noir-crime-drama, incredible performances by Belmondo and Lino Ventura.  	1
The attention given to every character, and complex psychological portrayals, detailing loyalty, treachery, love, and hope, are tremendous.  	1
It is an excellent drama, an excellent thriller, and an excellent film.  	1
Up there with the best of Melville.  	1
Everything about this film is simply incredible.  	1
You truly take this journey through the eyes and soul of a child.  	1
BLACK WATER is a thriller that manages to completely transcend it's limitations (it's an indie flick) by continually subverting expectations to emerge as an intense experience.  	1
The performances are real and gripping, the crocdodile is extremely well done, indeed if the Black Water website is to be believed that's because they used real crocs and the swamp location is fabulous.  	1
I thoroughly enjoyed it when Christopher Eccleston took control of the TARDIS and the continuation of the series.  	1
I'm not sure what he was trying to do with this film.  	0
If it was to turn my good day feeling into a night of disturbing memories than I guess he succeeded.  	0
There is a lot of beautiful places.  	1
It was forced, like everything in this movie.  	0
Again, lame.  	0
Here's where the movie really pi**ed me off.  	0
And don't even get me started on the jerky camerawork.  	0
When I saw it in the theater I thought I was going to be sick.  	0
Summary: The witticisms weren't witty.  	0
The plot - well, I said I'd let that one go.  	0
The acting was bad.  	0
Really bad.  	0
Even Billy Bob couldn't rise above the script, which was worse.  	0
Camerawork - again, bad.  	0
Rating: 1 out of 10.  	0
An AMAZING finale to possibly the BEST trilogy of all time!  	1
Kieslowski never ceases to amaze me.  	1
He is one of my favourite directors, and one of the most talented directors in the history of cinema.  	1
His use of the colours of the French flag in the three films was nothing short of incredible, every shot, every scene was like a work of art.  	1
Three of the most visually appealing movies i've ever seen.  	1
And his subtle connections between the three films are awesome.  	1
I have to mention this and it is a huge SPOILER, i loved the ending, how all the characters of the three films were the remaining survivors of the ferry disaster, with Valentine and the young judge together, and the old man watching it on her TV, solidifying his happiness over the suffering which he dealt with for those many years.  	1
I couldn't think of a better way to end the film, but a smile on my face, great way to wrap up an amazing film and trilogy!  	1
I recommend this for EVERYONE who loves film, movies, anything...A Work of Art!  	1
10 out of 10 for both the movie and trilogy.  	1
I literally vomited while watching this film.  	0
I think i was one of the people who found this another one of roth's pearls.  	1
his performance, as awarded, was stunning.  	1
the story which was told so eloquently by Francis ford Coppola 25 years earlier, really unfolds gradually and leaves room for the characters to develop.  	1
In a most wonderful location lies a story of contrast.  	1
All in all a beautiful directed film from Nicola's roeg wih a sublime cast.  	1
I'm translating movies for a living and this is the first movie in my 5-year working experience that I found offensive to my intelligence.  	0
But when someone strives for greatness and poetry, but delivers a muddled (and often ridiculous) story, a bunch of disparate scenes, pretentious dialogue... Then you get the worst kind of a movie that some other reviewer very accurately defined as pretentious crap"".  ",0,IMDb,Negative,Positive,0.9988
"To those who find this movie intelligent or even masterful, I can only say - it's your intelligence and your imagination you obviously used to try and make some sense of this pitiful attempt (it's in our human nature to try and make sense of things) .  ",0,IMDb,Negative,Positive,0.3291
"One more thing: I can tolerate political incorrectness very well, I'm all for artistic freedom and suspension of disbelief, but the Slavic female character was just too much.  ",0,IMDb,Negative,Positive,0.51
This is such a fun and funny movie.  ,1,IMDb,Positive,Positive,0.7351
Highly entertaining at all angles.  ,1,IMDb,Positive,Positive,0.4927
"It features an outlandish array of memorable, psychotic but lovable nuts.  ",1,IMDb,Positive,Positive,0.5499
"So for our enjoyment we get to see them run around, play games, and be dangerous.  ",1,IMDb,Positive,Positive,0.4877
It even has its sweet moments.  ,1,IMDb,Positive,Positive,0.4588
The telephone repair man was really funny and his reactions to the nuts and bitchy boss were truly genuine.  ,1,IMDb,Positive,Positive,0.1263
All the characters in this film are tremendously well played.  ,1,IMDb,Positive,Positive,0.6214
And I really did find them funny.  ,1,IMDb,Positive,Positive,0.4404
This is actually a very smart movie.  ,1,IMDb,Positive,Positive,0.4576
There is a brilliant twist ending.  ,1,IMDb,Positive,Positive,0.5859
" I love it.  	1
The ending is so, SO perfect... you'll shed a tear.  	1
I am so thrilled after seeing a movie like this.  	1
I will never forget it now.  	1
It is not just a cult... it is a cult CLASSIC.  	1
Which has more depth and character than the man underneath it.  	0
The Malta settings are as dry and as barren as the dialogue.  	0
This movie is terrible.  	0
The hockey scenes are terrible, defensemen playing like they're 5 years old, goalies diving at shots that are 10 feet wide of the net, etc.  	0
For those that haven't seen it, don't waste your time!  	0
To call this movie a drama is ridiculous!  	0
Started watching this but didn't believe in any of the characters.  	0
In particular the relationship between the bakery assistant and the waitress just didn't work for me at all.  	0
It was a very superficial movie and it gave me the feeling that I was watching play rather than a film.  	0
The characters were very 'stagey' and the storyline was a lot like a stage farce.  	0
By the time the pyromaniac waylaid the assistant I was bored and didn't care what happened next and so I switched off.  	0
Glad I didn't pay to see it.  	0
Didn't laugh or even smile once.  	0
But it wasn't anything at all just one big yawn...  	0
It is a really good show to watch.  	1
It is very educational for children 1 to 8 years old.  	1
Barney is definitely super DE duper.  	1
is pretty funny.  	1
Babie Bop is very cute.  	1
The kids are very cool too.  	1
 But ""Storm Trooper"" is not even bad enough to make it to the list of wonderfully terrible movies.  ",0,IMDb,Negative,Positive,0.9933
It's just lame.  ,0,IMDb,Negative,Negative,-0.4215
The guy who said he's had better dialogue with his potted plants has it right.  ,0,IMDb,Negative,Positive,0.4404
Everything about this movie is stupid.  ,0,IMDb,Negative,Negative,-0.5267
"Even if you love bad movies, do not watch this movie.  ",0,IMDb,Negative,Positive,0.1779
It is shameful.  ,0,IMDb,Negative,Negative,-0.4939
I would give this television series a 10 plus if i could.  ,1,IMDb,Positive,Neutral,0.0
"The writers were ""smack on"" and I think the best actors and actresses were a bonus to the show.These characters were so real.  ",1,IMDb,Positive,Positive,0.8271
I must say I have taped most of the episodes and i find myself watching them over and over again.  ,1,IMDb,Positive,Neutral,0.0
Now you know why I gave it a 10+!  ,1,IMDb,Positive,Neutral,0.0
"I don't know exactly what it is about this movie, but we latched on to this endearing movie and it has become a special part of our family's memories.  ",1,IMDb,Positive,Positive,0.5499
I totally and absolutely recommend this movie to anyone who likes good wholesome family movies because that is exactly what this is.  ,1,IMDb,Positive,Positive,0.8297
The things that the four kids get themselves into is absolutely hilarious to watch.  ,1,IMDb,Positive,Positive,0.4576
This is one of the best movies out there that shows such strong sibling bond for each other.  ,1,IMDb,Positive,Positive,0.8176
"Much more interesting, more action, more suspense, and less of the unneeded controversy.  ",1,IMDb,Positive,Positive,0.4576
Everything from acting to cinematography was solid.  ,1,IMDb,Positive,Positive,0.1531
Definitely worth checking out.  ,1,IMDb,Positive,Positive,0.5574
Damian is so talented and versatile in so many ways of writing and portraying different Characters on screen.  ,1,IMDb,Positive,Positive,0.6418
This movie has a cutting edge to it.  ,1,IMDb,Positive,Negative,-0.128
"I am so pleased to know such a modern day genius is out there , letting is passion for Art drive him and taking us as an audience with him.  ",1,IMDb,Positive,Positive,0.7745
"The new characters weren't all that memorable, and I found myself forgetting who was who.  ",0,IMDb,Negative,Neutral,0.0
I felt as though her going to Ireland did absolutely nothing whatsoever.  ,0,IMDb,Negative,Neutral,0.0
"It didn't make me scared, horrified, or make me sympathetic towards the characters; it was simply annoying.  ",0,IMDb,Negative,Negative,-0.1265
The jerky camera movements were also annoying.  ,0,IMDb,Negative,Negative,-0.4019
The plot was the same as pretty much every other cheap horror.  ,0,IMDb,Negative,Negative,-0.128
"There was a few pathetic attempts to give the characters some depth, but it didn't really work into the rest of the plot.  ",0,IMDb,Negative,Negative,-0.3291
"I guess it was supposed to be clever twist, then shed some light on the situation, but it was just stupid.  ",0,IMDb,Negative,Negative,-0.5574
"If you see it, you should probably just leave it on the shelf.  ",0,IMDb,Negative,Negative,-0.0516
"Elias Koteas,Jack Palance play good roles Angelina is hot and gets naked.Billy Drago appears in this and is cool as usual + a cameo by Sven ole Thorsen helps make this a very enjoyable movie with good acting and a decent budget.  ",1,IMDb,Positive,Positive,0.9359
This was such an awesome movie that i bought it off of Ebay.  ,1,IMDb,Positive,Positive,0.6249
"I really loved the story line and the poler bear was kinda cute.But if anyone has a question about Fort Steele, just ask away:)  ",1,IMDb,Positive,Positive,0.6361
This totally UNfunny movie is so over the top and pathetic and unrealistic that throughout the whole 90 minutes of utter torture I probably looked at my watch about 70000 times!  ,0,IMDb,Negative,Negative,-0.7976
Lucy Bell is so much higher than this crap and for her to sink this low is quite depressing.  ,0,IMDb,Negative,Negative,-0.8057
All this movie does is make you sick watching all these slackers make excuses for their stupid actions for 90 minutes.  ,0,IMDb,Negative,Negative,-0.7717
"God, and I can never get that 90 minutes back!  ",0,IMDb,Negative,Positive,0.3382
"I think the most wonderful parts (literally, full of ""wonder"") are the excerpts from his works.  ",1,IMDb,Positive,Positive,0.6115
"The sets (especially designed to work with the camera) are amazing....stylized, beautiful and effective.  ",1,IMDb,Positive,Positive,0.7906
They could be used as exemplars for any set designer.  ,1,IMDb,Positive,Neutral,0.0
The stories were powerful explorations of the nature of man and of art.  ,1,IMDb,Positive,Positive,0.4767
"After watching this film, I wanted to learn more about the works of this artist.  ",1,IMDb,Positive,Neutral,0.0
"I highly recommend this movie for anyone interested in art, poetry, theater, politics, or Japanese history.  ",1,IMDb,Positive,Positive,0.6697
"Here, in The Wind and the Lion, we see a wonderful rendering of America's own Imperial age.  ",1,IMDb,Positive,Positive,0.5719
") What makes this story different are the terrific production values - faultless photography, composition and editing - the terrific casting - the underappreciated Brian Keith playing a bully Teddy - and vivid history.  ",1,IMDb,Positive,Positive,0.8591
"Though The Wind and the Lion is told largely through the eyes of the son, every member of the family can identify with one of the characters, whether it be Sean Connery's noble brigand, Candace Bergen's feisty heroine, John Huston's wily John Hay or Steve Kanaly's spiffy, radiant, ruthless can-do lieutenant, Roosevelt's ""Big Stick"".  ",1,IMDb,Positive,Positive,0.8689
This is high adventure at its best.  ,1,IMDb,Positive,Positive,0.7579
"I think it was Robert Ryans best film, because he portrayed someone like my father, and he was a schizophrenic in real life,(my father) although he never murdered anyone but was affected more so during the second world war which made him worse.  ",1,IMDb,Positive,Negative,-0.7777
Having to humour him just to get by and get through the day was so apt.  ,1,IMDb,Positive,Positive,0.4767
"(My mother and brother had to do this)When I saw Robert Ryan portraying this type of man, it was a very good imitation of this type of individual, and I was impressed.  ",1,IMDb,Positive,Positive,0.7425
Almost all of the songs in Cover Girl are old-fashioned and not very tuneful.  ,0,IMDb,Negative,Neutral,0.0
The most annoying thing about 'Cover Girl' is the way in which Rita Hayworth is put up on a pedestal.  ,0,IMDb,Negative,Negative,-0.4576
"Unfortunately, 'Cover Girl' is an example of how Hollywood used to exploit women for financial gain.  ",0,IMDb,Negative,Positive,0.1531
Non-linear narration thus many flashbacks and every part are articulated quite well.  ,1,IMDb,Positive,Positive,0.3384
The good cinematography also makes her and Monica Bellucci look very beautiful.  ,1,IMDb,Positive,Positive,0.796
A good commentary of today's love and undoubtedly a film worth seeing.  ,1,IMDb,Positive,Positive,0.8402
"For people who are first timers in film making, I think they did an excellent job!!  ",1,IMDb,Positive,Positive,0.6467
"It was very popular when I was in the cinema, a good house and very good reactions and plenty of laughs.  ",1,IMDb,Positive,Positive,0.9079
It's a feel-good film and that's how I felt when I came out of the cinema!  ,1,IMDb,Positive,Neutral,0.0
It has northern humour and positive about the community it represents.  ,1,IMDb,Positive,Positive,0.7717
I rather enjoyed it.  ,1,IMDb,Positive,Positive,0.5106
I liked it.  ,1,IMDb,Positive,Positive,0.4215
I couldn't take them seriously.  ,0,IMDb,Negative,Positive,0.1326
It really created a unique feeling though.  ,1,IMDb,Positive,Positive,0.4201
Vivian Schilling did an excellent job with the script.  ,1,IMDb,Positive,Positive,0.5719
A world better than 95% of the garbage in the theatres today.  ,1,IMDb,Positive,Positive,0.4404
Her role was played well.  ,1,IMDb,Positive,Positive,0.5423
Not too screamy not to masculine but just right.  ,1,IMDb,Positive,Neutral,0.0
The camera really likes her in this movie.  ,1,IMDb,Positive,Positive,0.4754
I would have casted her in that role after ready the script.  ,1,IMDb,Positive,Positive,0.3612
"As a European, the movie is a nice throwback to my time as a student in the 1980's and the experiences I had living abroad and interacting with other nationalities, although the circumstances were slightly different.  ",1,IMDb,Positive,Positive,0.4215
I am a fan of his ... This movie sucked really bad.  ,0,IMDb,Negative,Negative,-0.6697
Even worse than Ticker!  ,0,IMDb,Negative,Negative,-0.5255
& That movie was bad.  ,0,IMDb,Negative,Negative,-0.5423
"Only like 3 or 4 buildings used, a couple of locations MAYBE, & poor hummh!  ",0,IMDb,Negative,Negative,-0.2244
It just blew.  ,0,IMDb,Negative,Neutral,0.0
"This movie is excellent!Angel is beautiful and Scamp is adorable!His little yelps when hes scared,and the funniest parts are when:Scamp is caught under the curtain and when Angel and Scamp are singing 'Ive Never Had This Feeling Before'.I totally recommend this movie,its coming out on special edition on June 20.The cover has scamp on a garbage can and Angel underneath the lid.  ",1,IMDb,Positive,Positive,0.9349
"I just cant explain this movie more than romantic,charming,hilarious,and adorable.The junkyard scenes are funny,all the junkyard dogs have something special.Too funny i laughed,kids will LOVE it.Buy it when it comes out,it has new features!  ",1,IMDb,Positive,Positive,0.8452
Now we were chosen to be tortured with this disgusting piece of blatant American propaganda.  ,0,IMDb,Negative,Negative,-0.8402
This show is made for Americans - it is too stupid and full with hatred and clichés to be admitted elsewhere.  ,0,IMDb,Negative,Negative,-0.802
"Almost everyone involved must be return to school, acting is utterly predictable and bad, script is pile of garbage all round.  ",0,IMDb,Negative,Negative,-0.5809
"I wish I could enter negative values, admins?  ",0,IMDb,Negative,Positive,0.1779
"The sets are so bad, they wouldn't look out of place on a Thunderbirds episode.  ",0,IMDb,Negative,Negative,-0.6696
"The use of slow-motion needlessly repeats itself throughout the movie but is well backed up by bad acting (and bad is a kind word here), no continuity, scenes that are thrown in for no reason whatsoever, vehicles that looked like they were made from a Corn Flakes box and a directorial style that bordered on stupidity.  ",0,IMDb,Negative,Negative,-0.8519
"Oh yeah, and the storyline was pathetic too.  ",0,IMDb,Negative,Negative,-0.3612
I hate writing bad reviews about films - especially those in which I really like the star - but this film is so bad I don't believe for one second that anyone could have been proud of it.  ,0,IMDb,Negative,Negative,-0.6994
I am not a filmmaker nor am I a director but I would hide my head in the sand if I'd spent whatever amount of money and time on this movie.  ,0,IMDb,Negative,Negative,-0.2617
In short - this was a monumental waste of time and energy and I would not recommend anyone to EVER see this film.  ,0,IMDb,Negative,Negative,-0.4234
It came free with a DVD player I bought but I still turned the thing off halfway through because I was embarrassed for Howell.  ,0,IMDb,Negative,Negative,-0.2732
1/10 - and only because there is no setting for 0/10.  ,0,IMDb,Negative,Negative,-0.296
"An interesting premise, and Billy Drago is always good as a dangerous nut-bag (side note: I'd love to see Drago, Stephen McHattie and Lance Hendrikson in a flick together; talk about raging cheekbones!).  ",1,IMDb,Positive,Positive,0.5562
"The soundtrack wasn't terrible, either.  ",1,IMDb,Positive,Positive,0.3724
"But the acting--even that of such professionals as Drago and Debbie Rochon--was terrible, the directing worse (perhaps contributory to the former), the dialog chimp-like, and the camera work, barely tolerable.  ",0,IMDb,Negative,Negative,-0.8519
"Still, it was the SETS that got a big ""10"" on my ""oy-vey"" scale.  ",1,IMDb,Positive,Neutral,0.0
"Yes, I am simplifying things here for the sake of brevity, for this really is at the core of the problems with this film - it has too much going on without any real, fulfilling explanation.  ",0,IMDb,Negative,Neutral,0.0
Both do good jobs and are quite amusing.  ,1,IMDb,Positive,Positive,0.6997
"But the convoluted plot just didn't convince me, and much of the film was watched with a weird, questioning glance.  ",0,IMDb,Negative,Negative,-0.5803
"I let my girlfriend talk me into seeing this - bad idea, we both hated it.  ",0,IMDb,Negative,Negative,-0.8271
The last 15 minutes of movie are also not bad as well.  ,1,IMDb,Positive,Positive,0.2584
"Bela Lugosi was totally extraneous, intoning odd lines.  ",0,IMDb,Negative,Negative,-0.3744
"The acting was decidely wooden, though no worse than a period Universal B movie.  ",0,IMDb,Negative,Positive,0.3724
"I like Armand Assante & my cable company's summary sounded interesting, so I watched it, twice already, and probably will again.  ",1,IMDb,Positive,Positive,0.6369
I believe the screenwriter did a good job of tying up the loose ends.  ,1,IMDb,Positive,Positive,0.1531
My 8/10 score is mostly for the plot.  ,1,IMDb,Positive,Neutral,0.0
"I won't say any more - I don't like spoilers, so I don't want to be one, but I believe this film is worth your time.  ",1,IMDb,Positive,Positive,0.1411
"Wow, what a bad film.  ",0,IMDb,Negative,Positive,0.0772
"Not frightening in the least, and barely comprehensible.  ",0,IMDb,Negative,Positive,0.3875
"The plot doesn't hang together at all, and the acting is absolutely appalling.  ",0,IMDb,Negative,Negative,-0.4201
Not even good for camp value!  ,0,IMDb,Negative,Negative,-0.0767
"I wasn't expecting Oscar material, but this?  ",0,IMDb,Negative,Neutral,0.0
You'd have to have the IQ of particularly stupid mollusk not to see that one coming.  ,0,IMDb,Negative,Negative,-0.5709
This film (and I use that word loosely) is an insult to the movie-going public.  ,0,IMDb,Negative,Negative,-0.5106
If only someone involved with it knew how to string together narrative!  ,0,IMDb,Negative,Neutral,0.0
"This gets a 1 out of 10, simply because there's nothing lower.  ",0,IMDb,Negative,Positive,0.2235
"This is one I did not have, but I watched it recently on Fox Movie Channel, and was very disappointed.  ",0,IMDb,Negative,Negative,-0.6798
"I know he was a contract player with little control over his scripts, but the acting was as bad as the script.  ",0,IMDb,Negative,Negative,-0.6956
"Victor McLaglen was even bad, and Brian DonLevy was almost unrecognizable.  ",0,IMDb,Negative,Negative,-0.5423
"Considering the relations off screen between Taylor and Stanwyck, it was surprising how little chemistry there was on screen between the two of them.  ",0,IMDb,Negative,Positive,0.2732
But the premise of the film was so ridiculous: that the President of the U.S.  ,0,IMDb,Negative,Negative,-0.6555
The death row scenes were entirely unmoving.  ,0,IMDb,Negative,Negative,-0.5994
The only thing worse than Taylor's acting was Stanwyck's singing.  ,0,IMDb,Negative,Negative,-0.4767
"Whatever the producer was going for, he missed entirely.  ",0,IMDb,Negative,Negative,-0.296
I was deeply impressed with the character he played.  ,1,IMDb,Positive,Positive,0.6997
I knew when I saw the film that more great things were to come from this gifted actor.  ,1,IMDb,Positive,Positive,0.659
"A cheap and cheerless heist movie with poor characterisation, lots of underbite style stoic emoting (think Chow Yun Fat in A Better Tomorrow) and some cheesy clichés thrown into an abandoned factory ready for a few poorly executed flying judo rolls a la John Woo.  ",0,IMDb,Negative,Negative,-0.0772
Even the squibs look awful.  ,0,IMDb,Negative,Negative,-0.4588
At no point in the proceedings does it look remotely like America.  ,0,IMDb,Negative,Positive,0.0772
"The plot, such as it is, is so derivative and predictable that the ending is like a mercy killing.  ",0,IMDb,Negative,Negative,-0.1027
The awful dialogue and hopeless overacting by everyone who gets shot top off a real waste of space and time.  ,0,IMDb,Negative,Negative,-0.7906
"I was very uneasy with how bad this movie was, but not scared at all.  ",0,IMDb,Negative,Neutral,-0.0226
The dialogue is composed of things that make little sense.  ,0,IMDb,Negative,Neutral,0.0
"About 30 minutes of footage is wasted to show mediocre elderly actors awkwardly babbling overwrought pseudo-Satanic gibberish corny enough to make a teen Goth blush, almost always in Olde English, and sometimes in Latin that may or may not be made up words.  ",0,IMDb,Negative,Negative,-0.6705
The directing is sloppy at best.  ,0,IMDb,Negative,Positive,0.6369
"Hackneyed writing, certainly, but made even worse by the bad directing.  ",0,IMDb,Negative,Negative,-0.8481
"Of course, the acting is blah.  ",0,IMDb,Negative,Negative,-0.1027
The acting by the whole cast could be put on a scale and balanced perfectly between overacting and underacting.  ,0,IMDb,Negative,Positive,0.6369
"And, FINALLY, after all that, we get to an ending that would've been great had it been handled by competent people and not Jerry Falwell.  ",0,IMDb,Negative,Positive,0.7506
"I loved this movie it was a great portrayal of a family who had it's share of ups and down, but in the end they knew that special love they had for each other.  ",1,IMDb,Positive,Positive,0.9428
"I have seen many movies starring Jaclyn Smith, but my god this was one of her best, though it came out 12 years ago.  ",1,IMDb,Positive,Positive,0.8573
"This movie contained an all-star cast, and what I loved the most was that it opened my eyes to see other actors who I haven't seen before.  ",1,IMDb,Positive,Positive,0.5994
"This movie was kind of long in length, but I enjoyed every minute of it.  ",1,IMDb,Positive,Positive,0.6652
Overall I rate this movie a 10 out of a 1-10 scale.  ,1,IMDb,Positive,Neutral,0.0
"Lifetime does not air it enough, so if anyone knows what store sells it let me know because this is a must-have.  ",1,IMDb,Positive,Neutral,0.0
"I particularly remember my senses being assaulted by strident cords of music that would blare out with very little warning, and even less meaning.  ",0,IMDb,Negative,Negative,-0.699
It is just the sort of pap that is screened in the afternoon to punish the unemployed for not having jobs.  ,0,IMDb,Negative,Negative,-0.5267
"Totally different, with loads of understatement and black comedy, this is a film few get to see, but those who do will remember it.  ",1,IMDb,Positive,Positive,0.1901
"This movie creates its own universe, and is fascinating in every way.  ",1,IMDb,Positive,Positive,0.6808
But this movie really got to me.  ,1,IMDb,Positive,Neutral,0.0
See it.  ,1,IMDb,Positive,Neutral,0.0
"I really hope the team behind this movie makes more movies, and that they will continue to do so in their own, some kinda weird style.  ",1,IMDb,Positive,Positive,0.4188
"And I forgot: The Casting here i superb, with Trond Fausa Aurvåg being perfect in the role as the Bothersome Man, who doesn't understand where he is, what he is doing and why.  ",1,IMDb,Positive,Positive,0.7579
This movie is a good and humorous comment on life in 2006.  ,1,IMDb,Positive,Positive,0.6705
"I found this move beautiful, enjoyable, and uplifting.  ",1,IMDb,Positive,Positive,0.7783
"Initially the local sites in the film, which was filmed here in Buffalo, intrigued me.  ",1,IMDb,Positive,Neutral,0.0
Later I found myself lost in the power of the film.  ,1,IMDb,Positive,Negative,-0.3182
The entire audience applauded at the conclusion of the film.  ,1,IMDb,Positive,Positive,0.3612
"I left the theater with a lilt in my step, joy in my heart and hope for the human race.  ",1,IMDb,Positive,Positive,0.8979
Duris has a wholesome appearance and gives a fine performance.  ,1,IMDb,Positive,Positive,0.2023
The rest of the cast also play well.  ,1,IMDb,Positive,Positive,0.5423
Cinematography noteworthy including fine views of Barcelona and its famed Gaudi towers.  ,1,IMDb,Positive,Positive,0.2023
About ten minutes into this film I started having second thoughts.  ,0,IMDb,Negative,Neutral,0.0
About half way through this film I started to dislike it.  ,0,IMDb,Negative,Negative,-0.3818
"By the time the film ended, I not only disliked it, I despised it.  ",0,IMDb,Negative,Negative,-0.1134
What this film lacks is a convincing script.  ,0,IMDb,Negative,Positive,0.4019
The script looks as if only a rough draft was written and shooting began before a finished script was completed.  ,0,IMDb,Negative,Neutral,0.0
"Things happen, characters personalities change, plot twists occur for no real reason other than that script calls for it.  ",0,IMDb,Negative,Negative,-0.296
The cast is good.  ,1,IMDb,Positive,Positive,0.4404
"For that, it's worth checking out.  ",1,IMDb,Positive,Positive,0.2263
This is probably the most irritating show I have ever seen in my entire life.  ,0,IMDb,Negative,Negative,-0.5095
It is indescribably the most annoying and idiotic show I have ever seen.  ,0,IMDb,Negative,Negative,-0.7818
Everything about it is just bad.  ,0,IMDb,Negative,Negative,-0.5423
"I could not understand, what kind of idiot would produce this mess in the first place not to mention several season.  ",0,IMDb,Negative,Negative,-0.7556
"The script is bad, very bad  it contains both cheesiness and unethical joke that you normally see in rated R or NC-17 movie.  ",0,IMDb,Negative,Negative,-0.8553
"The casting is also horrible, cause all you see is a really really BAD Actors, period.  ",0,IMDb,Negative,Negative,-0.8521
Final Word: This Show is a real torture!!  ,0,IMDb,Negative,Negative,-0.6688
It is zillion times away from reality.  ,0,IMDb,Negative,Neutral,0.0
Watching washing machine twirling around wouldn't hurt your eyes as much as this show.  ,0,IMDb,Negative,Positive,0.4168
Rating: 0/10 (Grade: Z) Note: The Show Is So Bad That Even Mother Of The Cast Pull Her Daughter Out Of The Show.  ,0,IMDb,Negative,Negative,-0.6696
20th Century Fox's ROAD HOUSE 1948) is not only quite a silly noir but is an implausible unmitigated bore of a movie.  ,0,IMDb,Negative,Negative,-0.3206
"Full of unconvincing cardboard characters it is blandly written by Edward Chodorov, who also produced, and is surprisingly directed by Jean Negulesco from whom one would expect a great deal more.  ",0,IMDb,Negative,Positive,0.743
From here on the Widmark character turns unintentionally comical!  ,0,IMDb,Negative,Neutral,0.0
His losing his marbles so early in the proceedings is totally implausible and unconvincing.  ,0,IMDb,Negative,Negative,-0.3818
And if that isn't enough of a mess of a movie for you - the picture is also marred with a constant use of studio sets and indoor exteriors.  ,0,IMDb,Negative,Negative,-0.3612
Whatever prompted such a documentary is beyond me!  ,0,IMDb,Negative,Neutral,0.0
(very serious spoilers) this movie was a huge disappointment.  ,0,IMDb,Negative,Negative,-0.3804
there are so many problems i dont know where to start.  ,0,IMDb,Negative,Negative,-0.4549
the cast was great.  ,1,IMDb,Positive,Positive,0.6249
"steve martin delivers a really funny performance of a middle-aged, upper class, uptight white guy.  ",1,IMDb,Positive,Positive,0.1513
add betty white and jean smart and you have a great cast - everyone played their parts really well.  ,1,IMDb,Positive,Positive,0.8908
but the movie makes a lot of serious mistakes.  ,0,IMDb,Negative,Negative,-0.5719
"first of all, there are enough racial stereotypes and racial jokes to offend everyone.  ",0,IMDb,Negative,Negative,-0.0516
the movie is littered with overt racial slurs towards the black cast members and in return the whites are depicted as morons and boobs.  ,0,IMDb,Negative,Negative,-0.3182
"putting the race card aside, lets look at the major flaw in the film: they destroy latifa's character.  ",0,IMDb,Negative,Negative,-0.5423
there is no real plot.  ,0,IMDb,Negative,Negative,-0.296
i wouldnt see this movie again for free.  ,0,IMDb,Negative,Positive,0.5106
STEAMBOAT WILLIE is an amazingly important film to our cinema history.  ,1,IMDb,Positive,Positive,0.2716
This second appearance of Mickey Mouse (following the silent PLANE CRAZY earlier that year) is probably his most famous film--mostly because it was so ground-breaking.  ,1,IMDb,Positive,Negative,-0.4824
"While you don't yet hear Mickey speak, there are tons of sound effects and music throughout the film--something we take for granted now but which was a huge crowd pleaser in 1928.  ",1,IMDb,Positive,Positive,0.7906
"However, after seeing the short again after about 25 years, I was amazed at how timeless the film actually is.  ",1,IMDb,Positive,Positive,0.4939
"It's just adorable seeing Mickey playing ""Turkey in the Straw"" in a highly imaginative (if occasionally cruel) way.  ",1,IMDb,Positive,Positive,0.1263
Clever and a real crowd-pleaser--this film still ranks among Mickey's best films even after 80 wonderful years.  ,1,IMDb,Positive,Positive,0.8979
"The bipolarity of the ruthless thug (one minute a ruthless killer, the next minute a Luv's diaper commercial) is completely unconvincing.  ",0,IMDb,Negative,Negative,-0.6486
"I'm terribly disappointed that this film would receive so many awards and accolades, especially when there are far more deserving works of film out there.  ",0,IMDb,Negative,Negative,-0.5302
The original Body and Soul (1947) is a masterpiece.  ,1,IMDb,Positive,Positive,0.7506
"John Garfield, Ann revere, Lilli Plmer, William Conrad, Canada Lee...and filmed by one of the greatest cinematographers to ever grace the screen..James Wong Howe.  ",1,IMDb,Positive,Positive,0.7906
I don't think there are any redeeming qualities in this remake.  ,0,IMDb,Negative,Neutral,0.0
This may be the only bad film he ever made.  ,0,IMDb,Negative,Negative,-0.5423
So bad...well...it's just bad.  ,0,IMDb,Negative,Negative,-0.5809
"This movie is a solid example of a bad plot and a very, very bad idea all the way.  ",0,IMDb,Negative,Negative,-0.7889
It's a shame to see good actors like Thomerson and James make a living in a mess like this.  ,0,IMDb,Negative,Positive,0.3182
I thought it was bad.  ,0,IMDb,Negative,Negative,-0.5423
"Both films are terrible, but to the credit of the 1986 version, it was watchable.  ",0,IMDb,Negative,Positive,0.3291
"Let's start with all the problemsthe acting, especially from the lead professor, was very, very bad.  ",0,IMDb,Negative,Negative,-0.6214
The script is a big flawed mess.  ,0,IMDb,Negative,Negative,-0.6808
The best example of how dumb the writing is when it's established that you can turn the zombie-students back into humans by removing a necklace containing a piece of the meteorite.  ,0,IMDb,Negative,Positive,0.2263
"Director Paul Matthews, who also wrote/directed the weak 1995 monster movie ""Grim"", clearly doesn't know how to pace his films.  ",0,IMDb,Negative,Negative,-0.5994
The movie is terribly boring in places.  ,0,IMDb,Negative,Negative,-0.7096
The lighting is awful.  ,0,IMDb,Negative,Negative,-0.4588
The film looks cheap and bland.  ,0,IMDb,Negative,Neutral,0.0
One of the most disappointing aspects is the lack of notable gore.  ,0,IMDb,Negative,Negative,-0.6997
"This convention never worked well in the past, and certainly doesn't work here.  ",0,IMDb,Negative,Positive,0.1496
The visual effects were AWFUL.  ,0,IMDb,Negative,Negative,-0.5766
The CG opening sequence in space looked like it could have been created on Microsoft Slideshow for God's sake!  ,0,IMDb,Negative,Positive,0.5848
"The ""explosion"" of the Gas tanks at the end was just as awful.  ",0,IMDb,Negative,Negative,-0.4588
"Okay, I like to consider myself a fair critic, so I'll give credit where credit's due--the creature effects were actually pretty cool.  ",1,IMDb,Positive,Positive,0.8993
"Gotta love those close-ups of slimy, drooling teeth!  ",1,IMDb,Positive,Positive,0.6696
"To sum the film up, ""Breeders"" is a terrible, cheaply made horror movie that should be avoided like the Ebola virus.  ",0,IMDb,Negative,Negative,-0.7717
Not recommended.  ,0,IMDb,Negative,Negative,-0.1511
"He is almost unbearable to watch on screen, he has little to no charisma, and terrible comedic timing.  ",0,IMDb,Negative,Negative,-0.323
"Aside from it's terrible lead, this film has loads of other debits.  ",0,IMDb,Negative,Negative,-0.4767
"I understand that it's supposed to be a cheap popcorn comedy, but that doesn't mean that it has to completely insult our intelligence, and have writing so incredibly hackneyed that it borders on offensive.  ",0,IMDb,Negative,Negative,-0.5565
"Lewis Black's considerable talent is wasted here too, as he is at his most incendiary when he is unrestrained, which the PG-13 rating certainly won't allow.  ",0,IMDb,Negative,Positive,0.0934
The film's sole bright spot was Jonah Hill (who will look almost unrecognizable to fans of the recent Superbad due to the amount of weight he lost in the interim).  ,1,IMDb,Positive,Positive,0.1531
"With the originality and freshness of the first movie now spent, this remake had little else to offer.  ",0,IMDb,Negative,Neutral,0.0
The budget was evidently very limited.  ,0,IMDb,Negative,Negative,-0.2944
"This was reflected not only in the cast, but also in the below-par script, which borrowed much from the earlier classic.  ",0,IMDb,Negative,Neutral,0.0
"However, here there was no decent acting, action or location work to balance things up.  ",0,IMDb,Negative,Negative,-0.296
Filmiing was less expansive.  ,0,IMDb,Negative,Neutral,0.0
It failed to convey the broad sweep of landscapes that were a great part of the original.  ,0,IMDb,Negative,Positive,0.4767
Generally; it just lacked imagination.  ,0,IMDb,Negative,Neutral,0.0
Not recommended.  ,0,IMDb,Negative,Negative,-0.1511
Is it possible for a movie to get any worse than this?  ,0,IMDb,Negative,Negative,-0.4767
There is no plot here to keep you going in the first place.  ,0,IMDb,Negative,Negative,-0.296
"Even when the women finally show up, there is no sign of improvement; the most expected things happen and by the time the film is over, you might be far asleep.  ",0,IMDb,Negative,Positive,0.2023
"Beware: this is not a trashy cult movie, this is trash -period!  ",0,IMDb,Negative,Neutral,0.0
I can't believe there's even a sequel to this!  ,0,IMDb,Negative,Neutral,0.0
Which is precisely why I am giving it such a bad review!  ,0,IMDb,Negative,Negative,-0.3382
"Being a 90's child, I truly enjoyed this show and I can proudly say that I enjoyed it big time and even more than the classical WB cartoons.  ",1,IMDb,Positive,Positive,0.9201
"But ""Tiny Toons"" kept the 90's vibe and delivered one of the most popular, funny, and underrated cartoons ever created.  ",1,IMDb,Positive,Positive,0.8981
The memories are murky but I can only say that I enjoyed every single episode and product related to the show.  ,1,IMDb,Positive,Positive,0.6652
"Easily, none other cartoon made me laugh in a tender way (before getting into dark sitcoms oriented for teenagers).  ",1,IMDb,Positive,Positive,0.7184
The characters were all funny and had the peculiarity of not having a true lead character.  ,1,IMDb,Positive,Positive,0.2887
Every single character was hilarious and deserved to be called a lead.  ,1,IMDb,Positive,Positive,0.4019
"Every element of this story was so over the top, excessively phony and contrived that it was painful to sit through.  ",0,IMDb,Negative,Negative,-0.2111
"Her lines seem to have been WRITTEN by a fifteen year old, though they are trying oh so, so hard to sound like how a fifteen year old would really, um, you know, well... talk.  ",0,IMDb,Negative,Positive,0.4086
Perabo has a nice energy level and is obviously very comfortable in front of a camera.  ,1,IMDb,Positive,Positive,0.8173
There is simply no excuse for something this poorly done.  ,0,IMDb,Negative,Negative,-0.0572
I saw this movie and I thought this is a stupid movie.  ,0,IMDb,Negative,Negative,-0.5267
What is even more stupid is that who had thought an idea that there should be a volcano in Los Angeles?  ,0,IMDb,Negative,Negative,-0.5709
"To be honest with you, this is unbelievable nonsense and very foolish.  ",0,IMDb,Negative,Neutral,0.0018
"In conclusion, I will not bother with this movie because a volcano in Los Angeles is nothing but nonsense.  ",0,IMDb,Negative,Positive,0.5275
The story line is just awful!  ,0,IMDb,Negative,Negative,-0.5093
It's just painful!  ,0,IMDb,Negative,Negative,-0.4926
And the accents are absolutely abysmal!  ,0,IMDb,Negative,Neutral,0.0
There's also enough hypocrisy in this film to make me vomit.  ,0,IMDb,Negative,Neutral,0.0
Don't waste your time watching this rubbish non-researched film.  ,0,IMDb,Negative,Positive,0.3252
I believe that Pitch Black was done well.  ,1,IMDb,Positive,Positive,0.2732
"The characters are interesting and you want to find out more about them the longer the movie goes on, and I think people will be surprised by who does and doesn't make it.  ",1,IMDb,Positive,Positive,0.5994
Go watch it!  ,1,IMDb,Positive,Neutral,0.0
Omit watching this.  ,0,IMDb,Negative,Neutral,0.0
VERY funny!  ,1,IMDb,Positive,Positive,0.6391
My rating: just 3 out of 10.  ,0,IMDb,Negative,Neutral,0.0
The characters are interesting and you really care for them.  ,1,IMDb,Positive,Positive,0.7346
"An instant classic, with a great soundtrack and a catchy song during the ending credits.  ",1,IMDb,Positive,Positive,0.765
Don't miss it.  ,1,IMDb,Positive,Positive,0.1139
"This is a masterful piece of film-making, with many themes simmering and occasionally boiling over in this warts and all study of the poet's bohemian, self-indulgent wartime years that span the aerial bombardments of London and the outward tranquillity of a Welsh coastal retreat - the borderlines between friendship, lust and love, dedication to art and experience versus practical concerns, jealousy, rivalry, cowardice and egotism versus heroism and self-sacrifice and more.  ",1,IMDb,Positive,Positive,0.8957
"A mature, subtle script that suggests and occasionally brings into dramatic focus the underlying tensions is well served by perfect performances (apart from the odd inappropriate smiling that Keira Knightley is prone to, though perhaps under direction this time as the other characters themselves often mention it).  ",1,IMDb,Positive,Positive,0.765
"But above all the exquisite visual composition of each moment, with inventive and elegant use of close-up, camera angle and lighting, including pointillistic faux home movie footage, is a wonder and joy to behold.  ",1,IMDb,Positive,Positive,0.8847
"It's as continuously beautiful to look at as a Bertolucci, but the relationships here are more convincing and the narrative more engaging than some of that master's work.  ",1,IMDb,Positive,Positive,0.8744
The basic premise is wasted since it is sidelined by the inexplicable focus on the documentary crew.  ,0,IMDb,Negative,Negative,-0.4939
"Regardless, the film fails on most levels.  ",0,IMDb,Negative,Negative,-0.4215
Avoid at all costs.  ,0,IMDb,Negative,Negative,-0.296
"I saw this film over Christmas, and what a great film it was!  ",1,IMDb,Positive,Positive,0.6588
I thought Errol Flynn was brilliant as Custer and has since become my favourite actor!  ,1,IMDb,Positive,Positive,0.6239
His acting alongside Olivia De Havilland was brilliant and the ending was fantastic!  ,1,IMDb,Positive,Positive,0.8268
"I had always known that Errol Flynn was a brilliant actor as he was my dads favourite actor, and I grew up watching his films as a child.  ",1,IMDb,Positive,Positive,0.5859
But it wasn't until I watched this film that I realised how great he actually was.  ,1,IMDb,Positive,Positive,0.7684
I'll give this film 10 out of 10!  ,1,IMDb,Positive,Neutral,0.0
"I know that Jim O'Connor was very energetic and that nobody could be as much as him, but George was well dull.  ",0,IMDb,Negative,Positive,0.0507
"He really didn't seem to want to be hosting; his voice-overs were monotonous, didn't get involved with the guests.  ",0,IMDb,Negative,Negative,-0.0572
"Lovely little thriller from Hitchcock, with lots of nice shenanigans surrounding a murdered spy, a kidnapped child, a nasty church, a foreign plot and some random taxidermists.  ",1,IMDb,Positive,Negative,-0.3167
"Jimmy Stewart is as ever a great hero for Hitchcock, the story rips along to its cool climax at an embassy function, but it lacks the brooding menace of Hitchcock's black and white, low-budget original.  ",1,IMDb,Positive,Positive,0.25
Nevertheless yet another wonderful film from the great master's stable.  ,1,IMDb,Positive,Positive,0.875
I have to say that this film was excellently produced and tops the ratings as a typical sci fi film!  ,1,IMDb,Positive,Positive,0.8268
Excellently produced by one of Sci-fi's best producers Scot Vandiver !  ,1,IMDb,Positive,Positive,0.8622
"But it is entertaining, nonetheless.  ",1,IMDb,Positive,Positive,0.5927
It's a campy sort of film that's a joy to watch.  ,1,IMDb,Positive,Positive,0.5859
There's barely a boring moment in the film and there are plenty of humorous parts.  ,1,IMDb,Positive,Positive,0.1477
The cast is always entertaining as usual.  ,1,IMDb,Positive,Positive,0.4404
"Overall, a delight!  ",1,IMDb,Positive,Positive,0.636
"This movie is so mind-bendingly awful, it couldn't have even been created.  ",0,IMDb,Negative,Negative,-0.3134
The film lacks any real scares or tension & some of the medical terminology used throughout is a bit iffy to say the least & I say that as an insulin dependant diabetic myself.  ,0,IMDb,Negative,Negative,-0.5719
The least said about the acting the better.  ,0,IMDb,Negative,Positive,0.4404
This movie does an excellent job of revealing the complexity of the task and the incredible challenges facing South Africa.  ,1,IMDb,Positive,Positive,0.6478
I believe every one should see this movie as I think few people outside of South Africa understand its past and what is being attempted in the Truth and Reconciliation process.  ,1,IMDb,Positive,Positive,0.3182
Nothing short of magnificent photography/cinematography in this film.  ,1,IMDb,Positive,Negative,-0.4847
"The acting is fantastic, the stories are seamlessly woven together, and the dogs are splendid............. A must rent, view, or see.  ",1,IMDb,Positive,Positive,0.8126
Don't be afraid of subtitles........ its worth a little aversion therapy 10/10  ,1,IMDb,Positive,Negative,-0.1796
Excellent performance.  ,1,IMDb,Positive,Positive,0.5719
There still are good actors around!  ,1,IMDb,Positive,Positive,0.4926
Also great directing and photography.  ,1,IMDb,Positive,Positive,0.6249
"Very true to Shakespear, and a 'must' for all Shakespear fans.  ",1,IMDb,Positive,Positive,0.4754
"Macbeth (Jason Connery) moved me to tears with his final monolog (out brief candle, out)He gave the sphere of moral decay and dark forces a human face, which makes it the more interesting.  ",1,IMDb,Positive,Negative,-0.1548
"Helen Baxendale is a very credible lady Macbeth who can be very cheerfull at times and sometimes she just looks like a naughty girl, but deadly in her taste for blood and evil.  ",1,IMDb,Positive,Negative,-0.7469
"If you love death and decay, and Shakespears lyrics... this is the one.  ",1,IMDb,Positive,Negative,-0.34
"This is a witty and delightful adaptation of the Dr Seuss book, brilliantly animated by UPA's finest and thoroughly deserving of its Academy Award.  ",1,IMDb,Positive,Positive,0.9062
"Special mention should be made of the superb music score and sound effects, which are an integral element in helping to make this such a memorable and enjoyable cartoon.  ",1,IMDb,Positive,Positive,0.8979
"However Paul Schrader has indeed made a film ""about"" Mishima that is both superb & complex.  ",1,IMDb,Positive,Positive,0.6249
Also notable is John Bailey's fine crisp beautifully colored cinematography and the great production design & costumes by Eiko Ishioka who went on to do the memorable costumes for Coppola's Dracula for which she received a well deserved Oscar.  ,1,IMDb,Positive,Positive,0.8934
"Even allowing for poor production values for the time (1971) and the format (some kind of mini-series), this is baaaaaad.  ",0,IMDb,Negative,Negative,-0.1027
"Unless you're just out to visually ""collect"" all extant films of Austen's work, you can skip this one.  ",0,IMDb,Negative,Neutral,0.0
"If you do watch it, however, there are small consolations: The actresses playing Anne's sisters each do a wonderful job with their roles.  ",1,IMDb,Positive,Positive,0.6705
It is not good.  ,0,IMDb,Negative,Negative,-0.3412
"Speaking of the music, it is unbearably predictably and kitchy.  ",0,IMDb,Negative,Neutral,0.0
Then the film just dropped the ball.  ,0,IMDb,Negative,Neutral,0.0
This is a stunning movie.  ,1,IMDb,Positive,Positive,0.3818
Raw and sublimely moving.  ,1,IMDb,Positive,Neutral,0.0
"It felt like a very gripping, intelligent stage play (but without the overly theatrical feeling one actually gets from watching people on a stage) which plays on everyone's terror of a white lie escalating to monstrous consequences.  ",1,IMDb,Positive,Positive,0.3047
All of the main players are mesmerising.  ,1,IMDb,Positive,Neutral,0.0
Tom Wilkinson broke my heart at the end... and everyone else's judging by the amount of fumbling for hankies and hands going up to faces among males and females alike.  ,1,IMDb,Positive,Positive,0.34
Julian Fellowes has triumphed again.  ,1,IMDb,Positive,Positive,0.4939
He's a national treasure.  ,1,IMDb,Positive,Positive,0.296
GO AND SEE IT!  ,1,IMDb,Positive,Neutral,0.0
This is an excellent film.  ,1,IMDb,Positive,Positive,0.5719
The aerial scenes were well-done.  ,1,IMDb,Positive,Neutral,0.0
It was also the right balance of war and love.  ,1,IMDb,Positive,Positive,0.0772
"The film gives meaning to the phrase, ""Never in the history of human conflict has so much been owed by so many to so few.  ",1,IMDb,Positive,Negative,-0.3182
Kris Kristoffersen is good in this movie and really makes a difference.  ,1,IMDb,Positive,Positive,0.4404
A good film by a great director!  ,1,IMDb,Positive,Positive,0.807
This is definitely one of the better documentaries I have seen looking at family relationships and marriage.  ,1,IMDb,Positive,Positive,0.6808
"There are many continuity errors: one other user commented on different cars in the garage, Joe's glasses...the one that got to me the most was the fact Joe's facial hair configuration seemed to change from scene to scene.  ",0,IMDb,Negative,Negative,-0.34
This is just a great movie.  ,1,IMDb,Positive,Positive,0.6249
10 out of 10 stars.  ,1,IMDb,Positive,Neutral,0.0
I can't see how this movie can be an inspiration to anyone to come out or overcome fear and rejection.  ,0,IMDb,Negative,Negative,-0.5106
It's so bad it's actually worth seeing just for that reason.  ,0,IMDb,Negative,Negative,-0.4391
Punishment Park is a brilliant piece of cinema.  ,1,IMDb,Positive,Positive,0.1531
"Shot in the Southern California desert using his patent faux documentary style, Watkins creates a film like no other.  ",1,IMDb,Positive,Positive,0.34
This is one of Peter Watkins most accessible films.  ,1,IMDb,Positive,Neutral,0.0
I advise you to look out for it.  ,1,IMDb,Positive,Neutral,0.0
You wont regret it!  ,1,IMDb,Positive,Positive,0.3867
Highly recommended A+  ,1,IMDb,Positive,Positive,0.2716
Well... Just if you keep thinking how bad it is.  ,0,IMDb,Negative,Negative,-0.34
"It's a mediocre, miserable, hollow, laughable and predictable piece of garbage.  ",0,IMDb,Negative,Negative,-0.4588
It's a case of 'so bad it is laughable'.  ,0,IMDb,Negative,Negative,-0.5106
") very bad performance plays Angela Bennett, a computer expert who is at home all the time.  ",0,IMDb,Negative,Negative,-0.3673
"It is a film about nothing, just a pretext to show ridiculous action scenes.  ",0,IMDb,Negative,Negative,-0.3612
How awful she is!  ,0,IMDb,Negative,Negative,-0.5093
"But she is still a bad actress, repeating her robotic face moves in each of her pictures.  ",0,IMDb,Negative,Negative,-0.6956
"The results, well, are a shame.  ",0,IMDb,Negative,Negative,-0.25
DELETE this film from your mind!  ,0,IMDb,Negative,Neutral,0.0
One of the worst shows of all time.  ,0,IMDb,Negative,Negative,-0.6249
The show would begin with smart ass ed comments to each other that would be totally off the wall and uncalled for.  ,0,IMDb,Negative,Negative,-0.2023
"The fat computer geek was unbelievable, the bible thumper, the bad-ass girl, who are these actors???  ",0,IMDb,Negative,Neutral,0.0
Never heard of any of them except Cole who was totally unbelievable in the part.  ,0,IMDb,Negative,Positive,0.2716
"Every time he opened his mouth you expect to hear, ""you see kids..."" Pulling the plug was a mercy killing for this horrible show.  ",0,IMDb,Negative,Negative,-0.7506
The stories were as unbelievable as the actors.  ,0,IMDb,Negative,Positive,0.2023
Lame would be the best way to describe it.  ,0,IMDb,Negative,Positive,0.34
"Stanwyck and Morgan are perfectly cast in what is, in many ways, a modern equivalent of Dickens' Christmas Carol in its sensibility.  ",1,IMDb,Positive,Positive,0.6369
The success of the film depends on the casting of Sydney Greenstreet as the Alexander Yardley character.  ,1,IMDb,Positive,Positive,0.5719
The attractive set used throughout most of the film is an eye-pleasing gem.  ,1,IMDb,Positive,Positive,0.4404
"Im big fan of RPG games too, but this movie, its a disgrace to any self-respecting RPGer there is.  ",0,IMDb,Negative,Negative,-0.5647
"The lines, the cuts, the audio, everything is wrong.  ",0,IMDb,Negative,Negative,-0.6486
You can find better movies at youtube.  ,0,IMDb,Negative,Positive,0.4404
"Top line: Don't waste your time and money on this one, its as bad as it comes.  ",0,IMDb,Negative,Negative,-0.0946
"A Lassie movie which should have been ""put to sleep"".... FOREVER.  ",0,IMDb,Negative,Neutral,0.0
That's how I'd describe this painfully dreary time-waster of a film.  ,0,IMDb,Negative,Negative,-0.7506
"So mediocre in every aspect that it just becomes a dull, uninteresting mess, this is one of the most forgettable movies I've seen.  ",0,IMDb,Negative,Negative,-0.6369
"It isn't even an achievement as a ""so-bad-it's-good"" or ""so-bad-it's-memorable"" movie.  ",0,IMDb,Negative,Neutral,0.0
"It's an empty, hollow shell of a movie.  ",0,IMDb,Negative,Negative,-0.2023
"Seriously, it's not worth wasting your, or your kid's time on.  ",0,IMDb,Negative,Neutral,-0.0279
"Avoid, avoid, avoid!  ",0,IMDb,Negative,Negative,-0.7088
It will drive you barking mad!  ,0,IMDb,Negative,Negative,-0.5411
The transfers are very good.  ,1,IMDb,Positive,Positive,0.4927
Very nice and relaxing late night viewing.  ,1,IMDb,Positive,Positive,0.762
The movie is full of wonderful dancing (hence the title!  ,1,IMDb,Positive,Positive,0.6114
") some great music, and terrific scenery.  ",1,IMDb,Positive,Positive,0.802
"It handles some tough issues with dignity and grace, and, of course, has (shocking spoiler here!  ",1,IMDb,Positive,Positive,0.3802
") a happy, wonderful, feel good ending!  ",1,IMDb,Positive,Positive,0.8908
"The point is the journey, a journey that touches every member of the family.  ",1,IMDb,Positive,Neutral,0.0
It's one of the movies I need to see whenever it comes on TV...never mind the fact that I already have it memorized!  ,1,IMDb,Positive,Neutral,0.0
Nothing new there.  ,0,IMDb,Negative,Neutral,0.0
That was done in the second movie.  ,0,IMDb,Negative,Neutral,0.0
The movie has almost no action scenes in it and very little comedy.  ,0,IMDb,Negative,Positive,0.1477
The plot has more holes than a pair of fishnet stockings and the direction and editing is astonishingly ham fisted.  ,0,IMDb,Negative,Neutral,0.0
What on earth is Irons doing in this film?  ,0,IMDb,Negative,Neutral,0.0
I just saw this film and I recommend it.  ,1,IMDb,Positive,Positive,0.3612
"It has a very good plot, it holds your complete attention, the acting is superb, Tom Wilkinson was fantastic and Emily Watson was also very good.  ",1,IMDb,Positive,Positive,0.9335
"A very good film indeed, about great and unconditional love.  ",1,IMDb,Positive,Positive,0.9099
"Tom Wilkinson's character is a man who is not prepared for the ordeal that is about to begin, but he takes the matter in hand as the story progresses, and this great actor gives a performance that makes you feel the character's anguish and suffering.  ",1,IMDb,Positive,Positive,0.3463
"Emily Watson's character is very strong, and she has only to give a quick glance and you understand everything.  ",1,IMDb,Positive,Positive,0.5563
"Despite the pans of reviewers, I liked this movie.  ",1,IMDb,Positive,Positive,0.4215
"In fact, I liked it better than Interview With a Vampire and I liked this Lestat (Stuart Townsend) better than Cruise's attempt.  ",1,IMDb,Positive,Positive,0.886
"Aailiyah was pretty good as Akasha, in places compelling (her first entrance and mini dance scene).  ",1,IMDb,Positive,Positive,0.7906
"I'm a big fan of this series mostly due to Anne Rice's style, sensitivities and treatments.  ",1,IMDb,Positive,Positive,0.3182
I guess I liked the details of his dysfunction--he was believable.  ,1,IMDb,Positive,Positive,0.4215
The football scenes at the end were perplexing.  ,0,IMDb,Negative,Neutral,0.0
But I thought his acting was skilled.  ,1,IMDb,Positive,Neutral,0.0
Meredith M was better than all right.  ,1,IMDb,Positive,Positive,0.4404
A very charming film with wonderful sentiment and heart.  ,1,IMDb,Positive,Positive,0.9184
It is rare when a film-maker takes the time to tell a worthy moral tale with care and love that doesn't fall into the trap of being overly syrupy or over indulgent.  ,1,IMDb,Positive,Positive,0.8402
Nine out of ten for a truly lovely film.  ,1,IMDb,Positive,Positive,0.7717
This early film from future goremeister Lucio Fulci is a very good addition to the giallo sub-genre.  ,1,IMDb,Positive,Positive,0.4927
This is one of the best Italian thrillers of the early 70's.  ,1,IMDb,Positive,Positive,0.6486
A standout scene.  ,1,IMDb,Positive,Neutral,0.0
This scene is very strong and unpleasant.  ,0,IMDb,Negative,Positive,0.0591
"Technically, the film is well made with impressive camera-work, solid acting and effective music from Riz Ortolani  particularly good is a recurring unaccompanied female vocal that sounds like it's coming from a distant hill.  ",1,IMDb,Positive,Positive,0.9299
It's still wild stuff though and is highly recommended to fans of giallo cinema.  ,1,IMDb,Positive,Positive,0.2716
The movie was very interesting from beginning to the end.  ,1,IMDb,Positive,Positive,0.4576
I liked the way Dustin Hoffman's character was ready to do just about everything to stay with his son.  ,1,IMDb,Positive,Positive,0.6486
This movie is also revealing.  ,1,IMDb,Positive,Neutral,0.0
"Personally, I think it shows that people should learn to find a compromise them self without involving other people into issue.  ",1,IMDb,Positive,Neutral,0.0
And it was boring.  ,0,IMDb,Negative,Negative,-0.3182
"I am so tired of clichés that is just lazy writing, and here they come in thick and fast.  ",0,IMDb,Negative,Negative,-0.7384
PS the only scene in the movie that was cool is when the central character finds her room blown up.  ,1,IMDb,Positive,Positive,0.3182
"It's a fresh, subtle, and rather sublime effect.  ",1,IMDb,Positive,Positive,0.3182
"An Italian reviewer called this ""a small, great film,"" and that's right.  ",1,IMDb,Positive,Positive,0.6249
"All the actors give a wonderful performance, especially Jennifer Rubin as Jamie Harris, who changes from the nervous starlet in the beginning through the strange events she is part of to the cool star.  ",1,IMDb,Positive,Positive,0.4767
"You learn a lot about the real inside emotions of people in this movie, and a lot about the movie business itself.  ",1,IMDb,Positive,Neutral,0.0
"The movie in movie situations in the beginning and through the game that is played with her by the ""acting coach"" are fascinating.  ",1,IMDb,Positive,Positive,0.7096
Also the music by Mark Snow is possibly the best score I've ever heard.  ,1,IMDb,Positive,Positive,0.6369
You won't forget this movie!  ,1,IMDb,Positive,Positive,0.2401
Why was this film made?  ,0,IMDb,Negative,Neutral,0.0
The film has an ultra-cheap look to it.  ,0,IMDb,Negative,Neutral,0.0
The result is a film that just don't look right.  ,0,IMDb,Negative,Neutral,0.0
None of them are engaging or exciting.  ,0,IMDb,Negative,Positive,0.6808
The plot is nonsense that doesn't interest in the slightest way or have any uniqueness to it.  ,0,IMDb,Negative,Negative,-0.6346
The Foreigner is not worth one second of your time.  ,0,IMDb,Negative,Negative,-0.1695
"I saw it as a child on TV back in 1973, when it was ""The Stranger"" and I loved it.  ",1,IMDb,Positive,Positive,0.5994
But the duet between the astronaut and his doctor at the beginning of the movie is a perfect exchange if one considers that this movie was made well into the Cold War and the astronaut's biggest fear is that he has crashed in the USSR.  ,1,IMDb,Positive,Negative,-0.4497
This movie is so awesome!  ,1,IMDb,Positive,Positive,0.7603
"I loved it, it was really scary.  ",1,IMDb,Positive,Positive,0.1045
I love the Scream movies and all horror movies and this one ranks way up there.  ,1,IMDb,Positive,Negative,-0.296
If you want a real scare rent this one!  ,1,IMDb,Positive,Negative,-0.4926
10/10  ,1,IMDb,Positive,Neutral,0.0
This is an extraordinary film.  ,1,IMDb,Positive,Neutral,0.0
"As a courtroom drama, it's compelling, as an indictment on the American justice system, it's frightening.  ",1,IMDb,Positive,Positive,0.2732
"This film highlights the fundamental flaws of the legal process, that it's not about discovering guilt or innocence, but rather, is about who presents better in court.  ",1,IMDb,Positive,Positive,0.7436
"The film is well paced, understated and one of the best courtroom documentaries I've seen.  ",1,IMDb,Positive,Positive,0.743
This mostly routine fact-based TV drama gets a boost from the fine performance by Cole.  ,1,IMDb,Positive,Positive,0.5423
"Predictable, but not a bad watch.  ",1,IMDb,Positive,Positive,0.5824
It was clear that she had the range and ability to pull off this part.  ,1,IMDb,Positive,Positive,0.5994
She carries the movie well.  ,1,IMDb,Positive,Positive,0.2732
Constantine gives everything the right intensity and seems to have a good understanding of the underlying psychological motivations.  ,1,IMDb,Positive,Positive,0.4404
"It is wonderful and inspiring to watch, and I hope that it gets released again on to video or DVD.  ",1,IMDb,Positive,Positive,0.8555
"How this piece of trash was ever released is beyond me: the acting, the story, the characters, the supposedly special effects, etc...it's ALL wrong.  ",0,IMDb,Negative,Negative,-0.1027
"In fact, this stinker smells like a direct-to-video release.  ",0,IMDb,Negative,Negative,-0.0964
Avoid at ALL costs!  ,0,IMDb,Negative,Negative,-0.3595
Star Trek V The final Frontier is the worst in the series.  ,0,IMDb,Negative,Negative,-0.6249
"The acting from all involved and that includes those like Shatner and Nimoy is bad and washed out and making them seem as old as they look in real life, the special effects are tacky like when Spock has to rescue Kirk on a jet pack when he falls down from a mountain.  ",0,IMDb,Negative,Positive,0.7579
The attempts at humor were pitiful and story is so awful it dosen't bear thinking about which basically involves a Vulcan stealing the Enterprise to find god (seriously) I just didn't care about any of this film and oh not to mention Uhura does a belly dance to distract male guards.  ,0,IMDb,Negative,Negative,-0.92
The only place good for this film is in the garbage.  ,0,IMDb,Negative,Positive,0.4404
The worst one of the series.  ,0,IMDb,Negative,Negative,-0.6249
Editing: The editing of this film was phenomenal in my opinion.  ,1,IMDb,Positive,Neutral,0.0
"When a song could explain the emotions of the subjects better, such as when Jay Adams' unfortunate life was a subject of talk, the song Old Man by Neil Young was played, which evokes many emotions.  ",1,IMDb,Positive,Positive,0.3182
Cinematography: The film was shot in an interesting way.  ,1,IMDb,Positive,Positive,0.4019
"Of course the footage from the 70s was grainy, but that only enhanced the film.  ",1,IMDb,Positive,Neutral,0.0
This film offers many delights and surprises.  ,1,IMDb,Positive,Positive,0.5994
"When Achille and Philippa beautifully sing a duet from ""Don Giovanni"" that perfectly describes their situation in the movie, you appreciate the subtle layers of this excellent film.  ",1,IMDb,Positive,Positive,0.943
The story unfolds in 18th century Jutland and the use of period music played on period instruments is just one more fine touch.  ,1,IMDb,Positive,Positive,0.5413
You share General Loewenhielm's exquisite joy in his partaking of the Cailles en Sarcophage even though you are just watching a movie - but you do wish for just a small sample to savor.  ,1,IMDb,Positive,Positive,0.7615
But this understated film leaves a lasting impression.  ,1,IMDb,Positive,Positive,0.3291
The warmth it generates is in contrast to its austere backdrop.  ,1,IMDb,Positive,Positive,0.4588
You will leave the theater wanting to go out and dance under the stars.  ,1,IMDb,Positive,Negative,-0.0516
"The acting, as you'd expect from this cast, is top notch.  ",1,IMDb,Positive,Positive,0.2023
"The characters are fleshed out surprisingly well, particularly Grimes and Blake, and all the actors deliver their sharply scripted lines with just the right amount of deadpan tongue in cheek to make the dialogue both hilarious and realistic.  ",1,IMDb,Positive,Positive,0.5729
"Angus Scrimm also turns in a good performance in a somewhat brief but memorable role as the gently menacing, violin-playing anatomist Doctor Quinn.  ",1,IMDb,Positive,Positive,0.714
Conclusion - I loved it.  ,1,IMDb,Positive,Positive,0.5994
It's a long time since I was so entertained by a movie.  ,1,IMDb,Positive,Positive,0.541
I struggle to find anything bad to say about it.  ,1,IMDb,Positive,Negative,-0.7003
"Mark my words, this is one of those cult films like Evil Dead 2 or Phantasm that people will still be discovering and falling in love with 20, 30, 40 years down the line.  ",1,IMDb,Positive,Negative,-0.5574
"It's pretty surprising that this wonderful film was made in 1949, as Hollywood generally had its collective heads in the sand concerning black and white issues at that time.  ",1,IMDb,Positive,Positive,0.8402
"The film deserves strong kudos for taking this stand, for having exceptional acting from its mostly lesser-known cast and for the super-intelligent script that doesn't insult the audience or take the easy way out when it comes to white racism.  ",1,IMDb,Positive,Positive,0.7965
"Plus, with the movie's rather modest budget and fast running time, it does an amazing job!  ",1,IMDb,Positive,Positive,0.6239
Juano Hernandez (an exceptional actor who played supporting roles in many films of the era) is a proud black man who is accused of murdering a white man in the South.  ,1,IMDb,Positive,Positive,0.2878
Trumbull on I LOVE LUCY).  ,1,IMDb,Positive,Positive,0.7125
See it with your kids if you have a chance--it will open up some amazing dialog about how far race relations have come in the last 50 years.  ,1,IMDb,Positive,Positive,0.5859
See both films if you can.  ,1,IMDb,Positive,Neutral,0.0
"It was that year, however, that reminded us that Huston was still at the top of his game as evinced by his faithful adaptation of James Joyce's acclaimed novella ""The Dead.  ",1,IMDb,Positive,Negative,-0.1531
"Feelings, thoughts...Gabriel's discomfort during the dance...all these intangibles leap to life and come within the viewer's grasp in Huston's portrayal.  ",1,IMDb,Positive,Negative,-0.4215
Very disappointed and wondered how it could be in the Oscar shortlist.  ,0,IMDb,Negative,Negative,-0.5256
It's very slow.  ,0,IMDb,Negative,Neutral,0.0
Lot of holes in the plot: there's nothing about how he became the emperor; nothing about where he spend 20 years between his childhood and mature age.  ,0,IMDb,Negative,Positive,0.4215
) Don't waste your time.  ,0,IMDb,Negative,Positive,0.3252
End of Days is one of the worst big-budget action movies I've ever seen.  ,0,IMDb,Negative,Negative,-0.6249
He surely doesn't know how to make a coherent action movie from the screenwriter of Air Force One who was only obliged to write the script just for a big sum of money.  ,0,IMDb,Negative,Positive,0.4404
This was one of the worst films i have ever seen.  ,0,IMDb,Negative,Negative,-0.6249
I'm still trying to get over how bad it was.  ,0,IMDb,Negative,Negative,-0.5423
This movie is possibly one of the most creative works of horror ever.  ,1,IMDb,Positive,Negative,-0.1298
"It has everything you could want... suspense, drama, comedy, confusing subplots, native americans, brain eating... If you're looking for the be-all, end-all of brainsucking movies, look no further.  ",1,IMDb,Positive,Negative,-0.0772
" With great sound effects, and impressive special effects, I can't recommend this movie enough.  	1
Call me a nut, but I think this is one of the best movies ever.  	1
Great character actors Telly Savalas and Peter Boyle.  	1
1 hour 54 minutes of sheer tedium, melodrama and horrible acting, a mess of a script, and a sinking feeling of GOOD LORD, WHAT WERE THEY THINKING?  	0
Lots of holes in the script.  	0
It's like a bad two hour TV movie.  	0
Now imagine that every single one of those decisions was made wrong.  	0
The dialogue is atrocious.  	0
The acting is beyond abysmal.  	0
Everything stinks.  	0
Trouble is, the writing and directing make it impossible to establish those things that make a movie watchable, like character, story, theme and so on.  	0
Worse, there's an incredibly weak sub-plot thrown in that follows a little band of latter-day Mansonites as they go after a reporter who's working on a story on the anniversary of the killings.  	0
It's dumb and pointless, and a complete waste of time.  	0
In short, don't bother with this movie.  	0
I won't spoil it, but the ending in pretty amazing.  	1
The best scene in the movie is at the end, but I won't spoil it.  	1
If there was ever an indication of a writer and a director's ability to meld two highly volatile temperaments into a seamless union of creativity, then this is it!  	1
The result is a powerhouse achievement, made more timely now perhaps because of our culture's disturbing fascination with celebrity, and it's distorted interpretations of fame.  	1
A film not easily forgotten.  	1
But, Kevin Spacey is an excellent, verbal tsunami as Buddy Ackerman  and totally believable because he is a great actor.  	1
The scripting of the subtle comedy is unmatched by any movie in recent years.  	1
The characters are interesting, even if a bit predictable.  	1
Highly recommended for all ages, although the younger set will probably not appreciate some of the more subtle references, they will certainly appreciate one galley scene in particular!  	1
Great movie!  	1
Also the story and acting were weak.  	0
At around 4 pm I bought it, at around 8pm I started to watch, at around 8.15pm I fast forwarded the remaining film to see if there was anything left watchable for a human being with a brain... but there wasn't.  	0
Either way, it sucks.  	0
The script is horrendously stupid.  	0
The story starts too fast with absolutely no suspense or build-up in the slightest.  	0
Everything Captain Howdy says is either laughable or just plain stupid.  	0
What the hell kind of crap is that?!  	0
Then, there's the plot holes.  	0
You could drive a semi truck into these holes!  	0
Linda Cardellini is the only thing good in this film.  	1
She's poised and amazing.  	1
Dee Snider just plain sucks.  	0
He can't act (one of the least scary villains I have ever seen), he can't write (did he write this damn movie in his sleep?  	0
I was bored throughout the whole damn thing.  	0
The acting sucks, the music sucks, the script sucks, the pacing sucks, the special FX suck, the directing sucks... basically, this movie sucks.  	0
This film tries to be a serious and sophisticated thriller/horror flick and it fails miserably.  	0
This is probably one of the least effective and utterly unoriginal films I have ever seen in my entire life.  	0
A piece of cinematic garbage captured on celluloid.  	0
Avoid at any and all costs.  	0
At any rate this film stinks, its not funny, and Fulci should have stayed with giallo and supernatural zombie movies.  	0
Avoid this film at all costs.  	0
I don't know what happened in Season Five, what a mess.  	0
The only consistent thread holding the series together were the amazing performances of Leni Parker and Anita LaSelva as the two Taelons in quiet idealogical conflict.  	0
Now this is a movie I really dislike.  	0
It's one of the most boring Horror movies from the 90's mainly because it starts slow and centers in a boring atmosphere.  	0
The puppets look really cheesy , not in a good way like in the Puppet Master 80's flicks.  	0
The story is lame, not interesting and NEVER really explains the sinister origins of the puppets.  	0
There aren't death scenes like in previous movies and the f/x are terrible.  	0
I felt asleep the first time I watched it, so I can recommend it for insomniacs.  	0
The fact is, this film is a wonderful, heartwarming tale about two people chasing their dreams.  	1
The best part about Nurse Betty"" is it's unpredictability.  ",1,IMDb,Positive,Negative,-0.9939
"Director Neil LaBute uses brutal violence to seperate dreams from reality, and along with the touching drama, and hilarious comedy, you can never tell what is going to happen next.  ",1,IMDb,Positive,Negative,-0.3182
"Otherwise, don't even waste your time on this.  ",0,IMDb,Negative,Positive,0.3252
This one just fails to create any real suspense.  ,0,IMDb,Negative,Negative,-0.1779
"As for the killer, don't expect anything original or even remotely frightening.  ",0,IMDb,Negative,Negative,-0.8577
"There is, however, some pretty good acting (at least, for this type of film).  ",1,IMDb,Positive,Positive,0.7269
I'm so sorry but I really can't recommend it to anyone.  ,0,IMDb,Negative,Negative,-0.5234
"One of the most boring,pointless movies I have ever seen.  ",0,IMDb,Negative,Neutral,0.0
The secondary plot line is incomprehensible and its relation to the primary plot line is mystifying.  ,0,IMDb,Negative,Neutral,0.0
Hated it.  ,0,IMDb,Negative,Negative,-0.6369
This is one of the worst Sandra Bullock movie since Speed 2 But not quite that bad.  ,0,IMDb,Negative,Positive,0.3682
"I don't understand how this garbage got on the shelves of the movie store, it's not even a real movie!  ",0,IMDb,Negative,Neutral,0.0
I highly doubt that anyone could ever like this trash.  ,0,IMDb,Negative,Negative,-0.0754
This is not movie-making.  ,0,IMDb,Negative,Neutral,0.0
"The acting is like watching wooden puppets moving around and reading from a book, that's how bad it is.  ",0,IMDb,Negative,Negative,-0.25
"So I am here to warn you--DO NOT RENT THIS MOVIE, it is the dumbest thing you have never seen!  ",0,IMDb,Negative,Negative,-0.6114
I saw this short film on HBO the other day and absolutely loved it.  ,1,IMDb,Positive,Positive,0.6361
I didn't realize how wonderful the short really is until the last two scenes.  ,1,IMDb,Positive,Negative,-0.4585
Excellent short film.  ,1,IMDb,Positive,Positive,0.5719
"Hopefully, the director James Cox can turn the short into a feature length film with the same cast, or win us over with a whole new film.  ",1,IMDb,Positive,Positive,0.7579
"I agree with Jessica, this movie is pretty bad.  ",0,IMDb,Negative,Positive,0.296
"Characters are one-dimensional, even the good guys and especially the bad guys.  ",0,IMDb,Negative,Negative,-0.2212
The story line is totally predictable.  ,0,IMDb,Negative,Neutral,0.0
"Not much dialogue, not much music, the whole film was shot as elaborately and aesthetically like a sculpture.  ",1,IMDb,Positive,Positive,0.3612
I've seen soap operas more intelligent than this movie.  ,0,IMDb,Negative,Positive,0.5095
"Bad characters, bad story and bad acting.  ",0,IMDb,Negative,Negative,-0.8885
Really awful.  ,0,IMDb,Negative,Negative,-0.5095
Not easy to watch.  ,0,IMDb,Negative,Negative,-0.3412
"Funny, clever, hip - just like Pray's previous film, Hype!  ",1,IMDb,Positive,Positive,0.8268
It was a long time that i didn't see a so charismatic actor on screen.  ,1,IMDb,Positive,Neutral,0.0
Paolo Sorrentino has written a wonderful story about loneliness and Tony has built one of the most unforgettable characters seen in movies in recent years.  ,1,IMDb,Positive,Positive,0.2263
The movie is not completely perfect but 'Titta Di Girolamo' will stay with you for a long time after the vision of the movie.  ,1,IMDb,Positive,Positive,0.1008
I rate this movie 9/10.  ,1,IMDb,Positive,Neutral,0.0
"I do not know if this was Emilio Estevez's directorial debut, but the pacing, the interplay and development of the characters as well as some clever camera work surrounding the character Estevez plays all suggest a natural eye.  ",1,IMDb,Positive,Positive,0.9081
The interplay between Martin and Emilio contains the same wonderful chemistry we saw in Wall Street with Martin and Charlie.  ,1,IMDb,Positive,Positive,0.5719
"Kathy Bates is wonderful in her characters subtle desperation and escapism; a variation on her character in ""At Play In The Fields Of The Lord"".  ",1,IMDb,Positive,Positive,0.4767
For readers who have already seen one of Miyazaki's films: he is still in top form and made another worthwhile experience.  ,1,IMDb,Positive,Positive,0.4939
"It never condescends, all the characters have good genuine hearts and believable problems.  ",1,IMDb,Positive,Positive,0.6705
The two main characters may be two of the most believable children I ever saw put on screen.  ,1,IMDb,Positive,Neutral,0.0
"They are so easy to love, but even more easy to identify with.  ",1,IMDb,Positive,Positive,0.8553
This movie is great--especially if you enjoy visual arts.  ,1,IMDb,Positive,Positive,0.4939
The scenery that the two daughters paint and photograph are beautiful.  ,1,IMDb,Positive,Positive,0.5994
The story is also both funny and poignant at times.  ,1,IMDb,Positive,Positive,0.4404
"People who like European films and ""art movies"" will like this movie.  ",1,IMDb,Positive,Positive,0.6124
This is truly an art movie--it actually has a lot of art in it.  ,1,IMDb,Positive,Positive,0.4404
Go rent it.  ,1,IMDb,Positive,Neutral,0.0
"However, after finally watching this film, I realized that not only had I had a closed mind to the brilliance it depicts, I also found myself watching it over and over again.  ",1,IMDb,Positive,Positive,0.5994
"It's the one movie that never ceases to interest me, simply because it keeps me alert, as I try to attempt to decipher it's meanings.  ",1,IMDb,Positive,Negative,-0.0721
Brilliance indeed.  ,1,IMDb,Positive,Positive,0.5994
"But if you liked movies like The Matrix (and better yet, their sequels) I think you'll appreciate the thought provoking, mindblowing experience this film will give you.  ",1,IMDb,Positive,Positive,0.9209
Think of the film being like a dream.  ,1,IMDb,Positive,Positive,0.5423
Simply beautiful.  ,1,IMDb,Positive,Positive,0.5994
Both Rickman and Stowe play their roles to the hilt in this tale of a childrens' book writer who-- maybe?-- has written a subversive tract.  ,1,IMDb,Positive,Positive,0.128
"It's a gloriously fun, fast paced and fairly accurate portrayal of the night of a raver.  ",1,IMDb,Positive,Positive,0.802
It presents a idyllic yet serious portrayal of the ups and downs of the characters lives.  ,1,IMDb,Positive,Negative,-0.0772
"Just whatever you do, avoid ""Groove"" as its the antithesis of all that is good about Human Traffic.  ",0,IMDb,Negative,Positive,0.1779
"It's too bad that everyone else involved didn't share Crowe's level of dedication to quality, for if they did, we'd have a far better film on our hands than this sub-par mess.  ",0,IMDb,Negative,Negative,-0.6108
The movie seemed a little slow at first.  ,0,IMDb,Negative,Neutral,0.0
But it picked up speed and got right to the point.  ,1,IMDb,Positive,Neutral,0.0
"It showed exactly how the government and the scientist argued for humanity and the reasons of the ""gadget"".  ",1,IMDb,Positive,Negative,-0.3612
I enjoyed it.  ,1,IMDb,Positive,Positive,0.5106
I have recommended it to friends.  ,1,IMDb,Positive,Positive,0.5994
I was particularly pleased with the acting ability of Dwight Schultz.  ,1,IMDb,Positive,Positive,0.6697
"Both actors truly understand and become their particular character, delivering a convincing, sincere performance.  ",1,IMDb,Positive,Positive,0.8074
"Their on-screen chemistry, critical to the entire film, is genuine.  ",1,IMDb,Positive,Negative,-0.3182
"The film's dialogue is natural, real to life.  ",1,IMDb,Positive,Positive,0.3612
"The writer, Gorman Bechard, undoubtedly did his homework because all references are industry and character-age appropriate.  ",1,IMDb,Positive,Neutral,0.0
The incredible soundtrack truly captures the essence of the film.  ,1,IMDb,Positive,Positive,0.4902
"Each track commands sentiment, actually contributing to the scenes and characters.  ",1,IMDb,Positive,Neutral,0.0
Definitely worth seeing it's the sort of thought provoking film that forces you to question your own threshold of loneliness.  ,1,IMDb,Positive,Negative,-0.0754
"Hayao Miyazaki's latest and eighth film for Studio Ghibili, ""Gake No Ue No Ponyo"" (Ponyo on the Cliff by the Sea) is a wonderfully fun and imaginative look at childhood.  ",1,IMDb,Positive,Positive,0.7838
"At a time when it seems that film animation has been dominated by Disney/Pixar's CGI masterpieces, it is both refreshing and comforting to know that Miyazaki is still relying on traditional hand-drawn animation to tell his charming and enchanting stories.  ",1,IMDb,Positive,Positive,0.875
Enough can not be said of the remarkable animation in this film.  ,1,IMDb,Positive,Positive,0.5574
The art style has the appearance of crayon/pencil drawings and is wonderfully colorful and fanciful.  ,1,IMDb,Positive,Positive,0.5994
"If you act in such a film, you should be glad that you're gonna drift away from earth as far as possible!  ",0,IMDb,Negative,Positive,0.5093
"This one wants to surf on the small wave of space movies in 1998 (Deep Impact and Armageddon), and this one fails everywhere.  ",0,IMDb,Negative,Negative,-0.4215
If you haven't choked in your own vomit by the end (by all the cheap drama and worthless dialogue) you've must have bored yourself to death with this waste of time.  ,0,IMDb,Negative,Negative,-0.846
"Still, it makes up for all of this with a super ending that depicts a great sea vessel being taken out by the mighty frost.  ",1,IMDb,Positive,Positive,0.8402
"Just consider the excellent story, solid acting and look of the film as added bonuses.  ",1,IMDb,Positive,Positive,0.836
"Instead, we got a bore fest about a whiny, spoiled brat babysitting.  ",0,IMDb,Negative,Negative,-0.25
"Then I watched it again two Sundays ago (March 20th, 2005) and I began to really enjoy it and this time I taped the entire thing.  ",1,IMDb,Positive,Positive,0.5413
It is a very well acted and done TV Movie.  ,1,IMDb,Positive,Positive,0.3384
Judith Light is one of my favorite actresses and I think she does a superb job in this film!  ,1,IMDb,Positive,Positive,0.8122
I keep watching it over and over.  ,1,IMDb,Positive,Neutral,0.0
"It's a sad movie, but very good.  ",1,IMDb,Positive,Positive,0.5006
"If you have not seen this movie, I definitely recommend it!  ",1,IMDb,Positive,Positive,0.6696
"She is as lovely as usual, this cutie!  ",1,IMDb,Positive,Positive,0.7886
Still it's quite interesting and entertaining to follow.  ,1,IMDb,Positive,Positive,0.7316
;) Recommend with confidence!  ,1,IMDb,Positive,Positive,0.7901
This movie is well-balanced with comedy and drama and I thoroughly enjoyed myself.  ,1,IMDb,Positive,Positive,0.7264
It was a riot to see Hugo Weaving play a sex-obsessed gay real estate salesman who uses his clients' houses for his trysts with the flaming Darren (Tom Hollander).  ,1,IMDb,Positive,Negative,-0.296
":) Anyway, the plot flowed smoothly and the male-bonding scenes were a hoot.  ",1,IMDb,Positive,Positive,0.4588
"The opening sequence of this gem is a classic, and the cat n mouse games that follow are a delight to watch.  ",1,IMDb,Positive,Positive,0.5994
Fans of the genre will be in heaven.  ,1,IMDb,Positive,Positive,0.5106
Lange had become a great actress.  ,1,IMDb,Positive,Positive,0.6249
It looked like a wonderful story.  ,1,IMDb,Positive,Positive,0.7351
I never walked out of a movie faster.  ,0,IMDb,Negative,Neutral,0.0
I just got bored watching Jessice Lange take her clothes off!  ,0,IMDb,Negative,Negative,-0.3382
"Unfortunately, any virtue in this film's production work was lost on a regrettable script.  ",0,IMDb,Negative,Negative,-0.6369
"In a word, it is embarrassing.  ",0,IMDb,Negative,Negative,-0.3818
Exceptionally bad!  ,0,IMDb,Negative,Negative,-0.623
All in all its an insult to one's intelligence and a huge waste of money.  ,0,IMDb,Negative,Negative,-0.1779
Wow... Loved this place.,1,Yelp,Positive,Positive,0.8271
Crust is not good.,0,Yelp,Negative,Negative,-0.3412
Not tasty and the texture was just nasty.,0,Yelp,Negative,Negative,-0.5574
Stopped by during the late May bank holiday off Rick Steve recommendation and loved it.,1,Yelp,Positive,Positive,0.6908
The selection on the menu was great and so were the prices.,1,Yelp,Positive,Positive,0.6249
Now I am getting angry and I want my damn pho.,0,Yelp,Negative,Negative,-0.6908
Honeslty it didn't taste THAT fresh.),0,Yelp,Negative,Negative,-0.2411
The potatoes were like rubber and you could tell they had been made up ahead of time being kept under a warmer.,0,Yelp,Negative,Positive,0.5719
The fries were great too.,1,Yelp,Positive,Positive,0.6249
A great touch.,1,Yelp,Positive,Positive,0.6249
Service was very prompt.,1,Yelp,Positive,Neutral,0.0
Would not go back.,0,Yelp,Negative,Neutral,0.0
The cashier had no care what so ever on what I had to say it still ended up being wayyy overpriced.,0,Yelp,Negative,Negative,-0.3875
"I tried the Cape Cod ravoli, chicken,with cranberry...mmmm!",1,Yelp,Positive,Neutral,0.0
I was disgusted because I was pretty sure that was human hair.,0,Yelp,Negative,Positive,0.2732
I was shocked because no signs indicate cash only.,0,Yelp,Negative,Negative,-0.5423
Highly recommended.,1,Yelp,Positive,Positive,0.2716
Waitress was a little slow in service.,0,Yelp,Negative,Neutral,0.0
"This place is not worth your time, let alone Vegas.",0,Yelp,Negative,Negative,-0.3952
did not like at all.,0,Yelp,Negative,Negative,-0.2755
The Burrittos Blah!,0,Yelp,Negative,Negative,-0.1759
"The food, amazing.",1,Yelp,Positive,Positive,0.5859
Service is also cute.,1,Yelp,Positive,Positive,0.4588
I could care less... The interior is just beautiful.,1,Yelp,Positive,Positive,0.7964
So they performed.,1,Yelp,Positive,Neutral,0.0
That's right....the red velvet cake.....ohhh this stuff is so good.,1,Yelp,Positive,Positive,0.5777
- They never brought a salad we asked for.,0,Yelp,Negative,Neutral,0.0
"This hole in the wall has great Mexican street tacos, and friendly staff.",1,Yelp,Positive,Positive,0.8074
"Took an hour to get our food only 4 tables in restaurant my food was Luke warm, Our sever was running around like he was totally overwhelmed.",0,Yelp,Negative,Positive,0.5984
The worst was the salmon sashimi.,0,Yelp,Negative,Negative,-0.6249
"Also there are combos like a burger, fries, and beer for 23 which is a decent deal.",1,Yelp,Positive,Positive,0.3612
This was like the final blow!,0,Yelp,Negative,Positive,0.4199
I found this place by accident and I could not be happier.,1,Yelp,Positive,Negative,-0.7074
"seems like a good quick place to grab a bite of some familiar pub food, but do yourself a favor and look elsewhere.",0,Yelp,Negative,Positive,0.7391
"Overall, I like this place a lot.",1,Yelp,Positive,Positive,0.3612
The only redeeming quality of the restaurant was that it was very inexpensive.,1,Yelp,Positive,Neutral,0.0
Ample portions and good prices.,1,Yelp,Positive,Positive,0.4404
"Poor service, the waiter made me feel like I was stupid every time he came to the table.",0,Yelp,Negative,Negative,-0.6124
My first visit to Hiro was a delight!,1,Yelp,Positive,Positive,0.636
Service sucks.,0,Yelp,Negative,Negative,-0.3612
The shrimp tender and moist.,1,Yelp,Positive,Neutral,0.0
There is not a deal good enough that would drag me into that establishment again.,0,Yelp,Negative,Negative,-0.5116
Hard to judge whether these sides were good because we were grossed out by the melted styrofoam and didn't want to eat it for fear of getting sick.,0,Yelp,Negative,Negative,-0.683
"On a positive note, our server was very attentive and provided great service.",1,Yelp,Positive,Positive,0.8271
"Frozen pucks of disgust, with some of the worst people behind the register.",0,Yelp,Negative,Negative,-0.8402
The only thing I did like was the prime rib and dessert section.,1,Yelp,Positive,Positive,0.3612
It's too bad the food is so damn generic.,0,Yelp,Negative,Negative,-0.79
"The burger is good beef, cooked just right.",1,Yelp,Positive,Positive,0.4404
If you want a sandwich just go to any Firehouse!!!!!,1,Yelp,Positive,Positive,0.3544
"My side Greek salad with the Greek dressing was so tasty, and the pita and hummus was very refreshing.",1,Yelp,Positive,Negative,-0.5267
We ordered the duck rare and it was pink and tender on the inside with a nice char on the outside.,1,Yelp,Positive,Positive,0.4215
He came running after us when he realized my husband had left his sunglasses on the table.,1,Yelp,Positive,Neutral,0.0
Their chow mein is so good!,1,Yelp,Positive,Positive,0.6166
"They have horrible attitudes towards customers, and talk down to each one when customers don't enjoy their food.",0,Yelp,Negative,Negative,-0.7293
The portion was huge!,1,Yelp,Positive,Positive,0.3802
"Loved it...friendly servers, great food, wonderful and imaginative menu.",1,Yelp,Positive,Positive,0.9136
The Heart Attack Grill in downtown Vegas is an absolutely flat-lined excuse for a restaurant.,0,Yelp,Negative,Positive,0.3976
Not much seafood and like 5 strings of pasta at the bottom.,0,Yelp,Negative,Positive,0.3612
"The salad had just the right amount of sauce to not over power the scallop, which was perfectly cooked.",1,Yelp,Positive,Positive,0.6369
"The ripped banana was not only ripped, but petrified and tasteless.",0,Yelp,Negative,Negative,-0.6956
At least think to refill my water before I struggle to wave you over for 10 minutes.,0,Yelp,Negative,Negative,-0.3182
This place receives stars for their APPETIZERS!!!,1,Yelp,Positive,Neutral,0.0
The cocktails are all handmade and delicious.,1,Yelp,Positive,Positive,0.5719
We'd definitely go back here again.,1,Yelp,Positive,Positive,0.4019
We are so glad we found this place.,1,Yelp,Positive,Positive,0.5949
"Great food and service, huge portions and they give a military discount.",1,Yelp,Positive,Positive,0.7506
Always a great time at Dos Gringos!,1,Yelp,Positive,Positive,0.6588
Update.....went back for a second time and it was still just as amazing,1,Yelp,Positive,Positive,0.5859
We got the food and apparently they have never heard of salt and the batter on the fish was chewy.,0,Yelp,Negative,Neutral,0.0
A great way to finish a great.,1,Yelp,Positive,Positive,0.8481
"The deal included 5 tastings and 2 drinks, and Jeff went above and beyond what we expected.",1,Yelp,Positive,Neutral,0.0
"- Really, really good rice, all the time.",1,Yelp,Positive,Positive,0.5379
The service was meh.,0,Yelp,Negative,Negative,-0.0772
"It took over 30 min to get their milkshake, which was nothing more than chocolate milk.",0,Yelp,Negative,Neutral,0.0
"I guess I should have known that this place would suck, because it is inside of the Excalibur, but I didn't use my common sense.",0,Yelp,Negative,Negative,-0.2382
The scallop dish is quite appalling for value as well.,0,Yelp,Negative,Positive,0.2431
2 times - Very Bad Customer Service !,0,Yelp,Negative,Negative,-0.623
The sweet potato fries were very good and seasoned well.,1,Yelp,Positive,Positive,0.807
Today is the second time I've been to their lunch buffet and it was pretty good.,1,Yelp,Positive,Positive,0.7269
There is so much good food in Vegas that I feel cheated for wasting an eating opportunity by going to Rice and Company.,0,Yelp,Negative,Neutral,-0.0056
Coming here is like experiencing an underwhelming relationship where both parties can't wait for the other person to ask to break up.,0,Yelp,Negative,Positive,0.6369
walked in and the place smelled like an old grease trap and only 2 others there eating.,0,Yelp,Negative,Positive,0.0516
The turkey and roast beef were bland.,0,Yelp,Negative,Neutral,0.0
This place has it!,1,Yelp,Positive,Neutral,0.0
The pan cakes everyone are raving about taste like a sugary disaster tailored to the palate of a six year old.,0,Yelp,Negative,Negative,-0.3818
I love the Pho and the spring rolls oh so yummy you have to try.,1,Yelp,Positive,Positive,0.8613
The poor batter to meat ratio made the chicken tenders very unsatisfying.,0,Yelp,Negative,Negative,-0.3612
All I have to say is the food was amazing!!!,1,Yelp,Positive,Positive,0.6884
Omelets are to die for!,1,Yelp,Positive,Negative,-0.636
Everything was fresh and delicious!,1,Yelp,Positive,Positive,0.7424
"In summary, this was a largely disappointing dining experience.",0,Yelp,Negative,Negative,-0.4939
"It's like a really sexy party in your mouth, where you're outrageously flirting with the hottest person at the party.",1,Yelp,Positive,Positive,0.8878
"Never been to Hard Rock Casino before, WILL NEVER EVER STEP FORWARD IN IT AGAIN!",0,Yelp,Negative,Positive,0.1501
Best breakfast buffet!!!,1,Yelp,Positive,Positive,0.7249
say bye bye to your tip lady!,0,Yelp,Negative,Neutral,0.0
We'll never go again.,0,Yelp,Negative,Neutral,0.0
Will be back again!,1,Yelp,Positive,Neutral,0.0
Food arrived quickly!,1,Yelp,Positive,Neutral,0.0
It was not good.,0,Yelp,Negative,Negative,-0.3412
"On the up side, their cafe serves really good food.",1,Yelp,Positive,Positive,0.4927
"Our server was fantastic and when he found out the wife loves roasted garlic and bone marrow, he added extra to our meal and another marrow to go!",1,Yelp,Positive,Positive,0.8221
"The only good thing was our waiter, he was very helpful and kept the bloddy mary's coming.",1,Yelp,Positive,Positive,0.7178
"Best Buffet in town, for the price you cannot beat it.",1,Yelp,Positive,Positive,0.6369
"I LOVED their mussels cooked in this wine reduction, the duck was tender, and their potato dishes were delicious.",1,Yelp,Positive,Positive,0.8531
This is one of the better buffets that I have been to.,1,Yelp,Positive,Positive,0.4404
So we went to Tigerlilly and had a fantastic afternoon!,1,Yelp,Positive,Positive,0.5983
"The food was delicious, our bartender was attentive and personable AND we got a great deal!",1,Yelp,Positive,Positive,0.8439
The ambience is wonderful and there is music playing.,1,Yelp,Positive,Positive,0.6705
Will go back next trip out.,1,Yelp,Positive,Neutral,0.0
Sooooo good!!,1,Yelp,Positive,Positive,0.5399
"REAL sushi lovers, let's be honest - Yama is not that good.",0,Yelp,Negative,Positive,0.6479
"At least 40min passed in between us ordering and the food arriving, and it wasn't that busy.",0,Yelp,Negative,Neutral,0.0
This is a really fantastic Thai restaurant which is definitely worth a visit.,1,Yelp,Positive,Positive,0.8173
"Nice, spicy and tender.",1,Yelp,Positive,Positive,0.4215
Good prices.,1,Yelp,Positive,Positive,0.4404
Check it out.,1,Yelp,Positive,Neutral,0.0
It was pretty gross!,0,Yelp,Negative,Positive,0.1007
I've had better atmosphere.,0,Yelp,Negative,Positive,0.4404
Kind of hard to mess up a steak but they did.,0,Yelp,Negative,Negative,-0.2382
"Although I very much liked the look and sound of this place, the actual experience was a bit disappointing.",0,Yelp,Negative,Neutral,-0.0314
I just don't know how this place managed to served the blandest food I have ever eaten when they are preparing Indian cuisine.,0,Yelp,Negative,Neutral,0.0
"Worst service to boot, but that is the least of their worries.",0,Yelp,Negative,Negative,-0.7391
Service was fine and the waitress was friendly.,1,Yelp,Positive,Positive,0.6124
"The guys all had steaks, and our steak loving son who has had steak at the best and worst places said it was the best steak he's ever eaten.",1,Yelp,Positive,Positive,0.8481
"We thought you'd have to venture further away to get good sushi, but this place really hit the spot that night.",1,Yelp,Positive,Positive,0.2382
"Host staff were, for lack of a better word, BITCHES!",0,Yelp,Negative,Negative,-0.6514
Bland... Not a liking this place for a number of reasons and I don't want to waste time on bad reviewing.. I'll leave it at that...,0,Yelp,Negative,Negative,-0.5496
"Phenomenal food, service and ambiance.",1,Yelp,Positive,Neutral,0.0
I wouldn't return.,0,Yelp,Negative,Neutral,0.0
"Definitely worth venturing off the strip for the pork belly, will return next time I'm in Vegas.",1,Yelp,Positive,Positive,0.5574
This place is way too overpriced for mediocre food.,0,Yelp,Negative,Neutral,0.0
Penne vodka excellent!,1,Yelp,Positive,Positive,0.6114
"They have a good selection of food including a massive meatloaf sandwich, a crispy chicken wrap, a delish tuna melt and some tasty burgers.",1,Yelp,Positive,Positive,0.4404
The management is rude.,0,Yelp,Negative,Negative,-0.4588
"Delicious NYC bagels, good selections of cream cheese, real Lox with capers even.",1,Yelp,Positive,Positive,0.765
"Great Subway, in fact it's so good when you come here every other Subway will not meet your expectations.",1,Yelp,Positive,Positive,0.8334
I had a seriously solid breakfast here.,1,Yelp,Positive,Neutral,-0.0258
This is one of the best bars with food in Vegas.,1,Yelp,Positive,Positive,0.6369
"He was extremely rude and really, there are so many other restaurants I would love to dine at during a weekend in Vegas.",0,Yelp,Negative,Positive,0.228
My drink was never empty and he made some really great menu suggestions.,1,Yelp,Positive,Positive,0.7171
Don't do it!!!!,0,Yelp,Negative,Neutral,0.0
The waiter wasn't helpful or friendly and rarely checked on us.,0,Yelp,Negative,Negative,-0.6072
My husband and I ate lunch here and were very disappointed with the food and service.,0,Yelp,Negative,Negative,-0.5256
And the red curry had so much bamboo shoots and wasn't very tasty to me.,0,Yelp,Negative,Neutral,0.0
Nice blanket of moz over top but i feel like this was done to cover up the subpar food.,1,Yelp,Positive,Positive,0.6757
The bathrooms are clean and the place itself is well decorated.,1,Yelp,Positive,Positive,0.5859
"The menu is always changing, food quality is going down & service is extremely slow.",0,Yelp,Negative,Neutral,0.0
"The service was a little slow , considering that were served by 3 people servers so the food was coming in a slow pace.",0,Yelp,Negative,Neutral,0.0
I give it 2 thumbs down,0,Yelp,Negative,Neutral,0.0
We watched our waiter pay a lot more attention to other tables and ignore us.,0,Yelp,Negative,Negative,-0.4404
My fiancé and I came in the middle of the day and we were greeted and seated right away.,1,Yelp,Positive,Positive,0.2732
This is a great restaurant at the Mandalay Bay.,1,Yelp,Positive,Positive,0.6249
We waited for forty five minutes in vain.,0,Yelp,Negative,Negative,-0.4215
Crostini that came with the salad was stale.,0,Yelp,Negative,Neutral,0.0
Some highlights : Great quality nigiri here!,1,Yelp,Positive,Positive,0.6588
the staff is friendly and the joint is always clean.,1,Yelp,Positive,Positive,0.7096
this was a different cut than the piece the other day but still wonderful and tender s well as well flavored.,1,Yelp,Positive,Positive,0.8689
I ordered the Voodoo pasta and it was the first time I'd had really excellent pasta since going gluten free several years ago.,1,Yelp,Positive,Positive,0.807
this place is good.,1,Yelp,Positive,Positive,0.4404
"Unfortunately, we must have hit the bakery on leftover day because everything we ordered was STALE.",0,Yelp,Negative,Negative,-0.34
I came back today since they relocated and still not impressed.,0,Yelp,Negative,Negative,-0.3724
I was seated immediately.,1,Yelp,Positive,Neutral,0.0
"Their menu is diverse, and reasonably priced.",1,Yelp,Positive,Neutral,0.0
Avoid at all cost!,0,Yelp,Negative,Negative,-0.3595
Restaurant is always full but never a wait.,1,Yelp,Positive,Neutral,0.0
DELICIOUS!!,1,Yelp,Positive,Positive,0.6467
This place is hands-down one of the best places to eat in the Phoenix metro area.,1,Yelp,Positive,Positive,0.6369
So don't go there if you are looking for good food...,0,Yelp,Negative,Positive,0.4404
I've never been treated so bad.,0,Yelp,Negative,Negative,-0.6696
Bacon is hella salty.,1,Yelp,Positive,Neutral,0.0
We also ordered the spinach and avocado salad; the ingredients were sad and the dressing literally had zero taste.,0,Yelp,Negative,Negative,-0.4767
"This really is how Vegas fine dining used to be, right down to the menus handed to the ladies that have no prices listed.",1,Yelp,Positive,Negative,-0.1027
The waitresses are very friendly.,1,Yelp,Positive,Positive,0.5413
"Lordy, the Khao Soi is a dish that is not to be missed for curry lovers!",1,Yelp,Positive,Positive,0.6788
Everything on the menu is terrific and we were also thrilled that they made amazing accommodations for our vegetarian daughter.,1,Yelp,Positive,Positive,0.8689
"Perhaps I caught them on an off night judging by the other reviews, but I'm not inspired to go back.",0,Yelp,Negative,Negative,-0.5334
The service here leaves a lot to be desired.,0,Yelp,Negative,Positive,0.2732
"The atmosphere is modern and hip, while maintaining a touch of coziness.",1,Yelp,Positive,Positive,0.3612
"Not a weekly haunt, but definitely a place to come back to every once in a while.",1,Yelp,Positive,Positive,0.6345
We literally sat there for 20 minutes with no one asking to take our order.,0,Yelp,Negative,Negative,-0.296
"The burger had absolutely no flavor - the meat itself was totally bland, the burger was overcooked and there was no charcoal flavor.",0,Yelp,Negative,Negative,-0.5709
I also decided not to send it back because our waitress looked like she was on the verge of having a heart attack.,0,Yelp,Negative,Positive,0.5574
I dressed up to be treated so rudely!,0,Yelp,Negative,Negative,-0.6606
It was probably dirt.,0,Yelp,Negative,Negative,-0.34
"Love this place, hits the spot when I want something healthy but not lacking in quantity or flavor.",1,Yelp,Positive,Positive,0.5574
I ordered the Lemon raspberry ice cocktail which was also incredible.,1,Yelp,Positive,Neutral,0.0
"The food sucked, which we expected but it sucked more than we could have imagined.",0,Yelp,Negative,Negative,-0.7184
Interesting decor.,1,Yelp,Positive,Positive,0.4019
What I really like there is the crepe station.,1,Yelp,Positive,Positive,0.4201
"Also were served hot bread and butter, and home made potato chips with bacon bits on top....very original and very good.",1,Yelp,Positive,Positive,0.6697
you can watch them preparing the delicious food!),1,Yelp,Positive,Positive,0.6114
Both of the egg rolls were fantastic.,1,Yelp,Positive,Positive,0.5574
"When my order arrived, one of the gyros was missing.",0,Yelp,Negative,Negative,-0.296
"I had a salad with the wings, and some ice cream for dessert and left feeling quite satisfied.",1,Yelp,Positive,Positive,0.5563
I'm not really sure how Joey's was voted best hot dog in the Valley by readers of Phoenix Magazine.,0,Yelp,Negative,Positive,0.4627
The best place to go for a tasty bowl of Pho!,1,Yelp,Positive,Positive,0.6696
The live music on Fridays totally blows.,0,Yelp,Negative,Neutral,0.0
I've never been more insulted or felt disrespected.,0,Yelp,Negative,Neutral,-0.021
Very friendly staff.,1,Yelp,Positive,Positive,0.5413
It is worth the drive.,1,Yelp,Positive,Positive,0.2263
"I had heard good things about this place, but it exceeding every hope I could have dreamed of.",1,Yelp,Positive,Positive,0.7003
Food was great and so was the serivce!,1,Yelp,Positive,Positive,0.6588
The warm beer didn't help.,0,Yelp,Negative,Negative,-0.092
Great brunch spot.,1,Yelp,Positive,Positive,0.6249
Service is friendly and inviting.,1,Yelp,Positive,Positive,0.6705
Very good lunch spot.,1,Yelp,Positive,Positive,0.4927
I've lived here since 1979 and this was the first (and last) time I've stepped foot into this place.,0,Yelp,Negative,Neutral,0.0
The WORST EXPERIENCE EVER.,0,Yelp,Negative,Negative,-0.7034
Must have been an off night at this place.,0,Yelp,Negative,Neutral,0.0
"The sides are delish - mixed mushrooms, yukon gold puree, white corn - beateous.",1,Yelp,Positive,Neutral,0.0
"If that bug never showed up I would have given a 4 for sure, but on the other side of the wall where this bug was climbing was the kitchen.",0,Yelp,Negative,Positive,0.1655
"For about 10 minutes, we we're waiting for her salad when we realized that it wasn't coming any time soon.",0,Yelp,Negative,Neutral,0.0
My friend loved the salmon tartar.,1,Yelp,Positive,Positive,0.7964
Won't go back.,0,Yelp,Negative,Neutral,0.0
Extremely Tasty!,1,Yelp,Positive,Neutral,0.0
Waitress was good though!,1,Yelp,Positive,Positive,0.4926
Soggy and not good.,0,Yelp,Negative,Negative,-0.3412
The Jamaican mojitos are delicious.,1,Yelp,Positive,Positive,0.5719
Which are small and not worth the price.,0,Yelp,Negative,Negative,-0.1695
- the food is rich so order accordingly.,1,Yelp,Positive,Positive,0.5574
"The shower area is outside so you can only rinse, not take a full shower, unless you don't mind being nude for everyone to see!",0,Yelp,Negative,Neutral,0.0
The service was a bit lacking.,0,Yelp,Negative,Neutral,0.0
"Lobster Bisque, Bussell Sprouts, Risotto, Filet ALL needed salt and pepper..and of course there is none at the tables.",0,Yelp,Negative,Neutral,0.0
Hopefully this bodes for them going out of business and someone who can cook can come in.,0,Yelp,Negative,Positive,0.4019
"It was either too cold, not enough flavor or just bad.",0,Yelp,Negative,Negative,-0.5423
I loved the bacon wrapped dates.,1,Yelp,Positive,Positive,0.5994
This is an unbelievable BARGAIN!,1,Yelp,Positive,Positive,0.561
The folks at Otto always make us feel so welcome and special.,1,Yelp,Positive,Positive,0.7802
"As for the ""mains,"" also uninspired.",0,Yelp,Negative,Neutral,0.0
This is the place where I first had pho and it was amazing!!,1,Yelp,Positive,Positive,0.658
This wonderful experience made this place a must-stop whenever we are in town again.,1,Yelp,Positive,Positive,0.5719
"If the food isn't bad enough for you, then enjoy dealing with the world's worst/annoying drunk people.",0,Yelp,Negative,Positive,0.5647
Very very fun chef.,1,Yelp,Positive,Positive,0.5956
"Ordered a double cheeseburger & got a single patty that was falling apart (picture uploaded) Yeah, still sucks.",0,Yelp,Negative,Negative,-0.2263
Great place to have a couple drinks and watch any and all sporting events as the walls are covered with TV's.,1,Yelp,Positive,Positive,0.6249
"If it were possible to give them zero stars, they'd have it.",0,Yelp,Negative,Neutral,0.0
"The descriptions said ""yum yum sauce"" and another said ""eel sauce"", yet another said ""spicy mayo""...well NONE of the rolls had sauces on them.",0,Yelp,Negative,Neutral,0.0
"I'd say that would be the hardest decision... Honestly, all of M's dishes taste how they are supposed to taste (amazing).",1,Yelp,Positive,Positive,0.7783
If she had not rolled the eyes we may have stayed... Not sure if we will go back and try it again.,0,Yelp,Negative,Negative,-0.2411
"Everyone is very attentive, providing excellent customer service.",1,Yelp,Positive,Positive,0.6077
Horrible - don't waste your time and money.,0,Yelp,Negative,Negative,-0.2887
Now this dish was quite flavourful.,1,Yelp,Positive,Neutral,0.0
By this time our side of the restaurant was almost empty so there was no excuse.,0,Yelp,Negative,Negative,-0.1193
"(It wasn't busy either) Also, the building was FREEZING cold.",0,Yelp,Negative,Negative,-0.2808
"like the other reviewer said ""you couldn't pay me to eat at this place again.""",0,Yelp,Negative,Positive,0.4207
-Drinks took close to 30 minutes to come out at one point.,0,Yelp,Negative,Neutral,0.0
"Seriously flavorful delights, folks.",1,Yelp,Positive,Positive,0.3182
Much better than the other AYCE sushi place I went to in Vegas.,1,Yelp,Positive,Positive,0.4404
The lighting is just dark enough to set the mood.,1,Yelp,Positive,Neutral,0.0
Based on the sub-par service I received and no effort to show their gratitude for my business I won't be going back.,0,Yelp,Negative,Positive,0.2732
Owner's are really great people.!,1,Yelp,Positive,Positive,0.6893
There is nothing privileged about working/eating there.,0,Yelp,Negative,Negative,-0.3412
The Greek dressing was very creamy and flavorful.,1,Yelp,Positive,Neutral,0.0
"Overall, I don't think that I would take my parents to this place again because they made most of the similar complaints that I silently felt too.",0,Yelp,Negative,Negative,-0.4019
Now the pizza itself was good the peanut sauce was very tasty.,1,Yelp,Positive,Positive,0.4404
We had 7 at our table and the service was pretty fast.,1,Yelp,Positive,Positive,0.4939
Fantastic service here.,1,Yelp,Positive,Positive,0.5574
I as well would've given godfathers zero stars if possible.,0,Yelp,Negative,Positive,0.2732
They know how to make them here.,1,Yelp,Positive,Neutral,0.0
very tough and very short on flavor!,0,Yelp,Negative,Negative,-0.2698
I hope this place sticks around.,1,Yelp,Positive,Positive,0.4404
"I have been in more than a few bars in Vegas, and do not ever recall being charged for tap water.",0,Yelp,Negative,Negative,-0.2023
The restaurant atmosphere was exquisite.,1,Yelp,Positive,Neutral,0.0
"Good service, very clean, and inexpensive, to boot!",1,Yelp,Positive,Positive,0.7339
The seafood was fresh and generous in portion.,1,Yelp,Positive,Positive,0.6808
"Plus, it's only 8 bucks.",1,Yelp,Positive,Neutral,0.0
"The service was not up to par, either.",0,Yelp,Negative,Neutral,0.0
"Thus far, have only visited twice and the food was absolutely delicious each time.",1,Yelp,Positive,Positive,0.6115
Just as good as when I had it more than a year ago!,1,Yelp,Positive,Positive,0.4926
"For a self proclaimed coffee cafe, I was wildly disappointed.",0,Yelp,Negative,Negative,-0.4767
The Veggitarian platter is out of this world!,1,Yelp,Positive,Neutral,0.0
You cant go wrong with any of the food here.,1,Yelp,Positive,Positive,0.3724
You can't beat that.,1,Yelp,Positive,Neutral,0.0
"Stopped by this place while in Madison for the Ironman, very friendly, kind staff.",1,Yelp,Positive,Positive,0.7408
The chefs were friendly and did a good job.,1,Yelp,Positive,Positive,0.7269
"I've had better, not only from dedicated boba tea spots, but even from Jenni Pho.",0,Yelp,Negative,Positive,0.0541
I liked the patio and the service was outstanding.,1,Yelp,Positive,Positive,0.7783
The goat taco didn't skimp on the meat and wow what FLAVOR!,1,Yelp,Positive,Positive,0.6239
I think not again,0,Yelp,Negative,Neutral,0.0
I had the mac salad and it was pretty bland so I will not be getting that again.,0,Yelp,Negative,Positive,0.4939
I went to Bachi Burger on a friend's recommendation and was not disappointed.,1,Yelp,Positive,Positive,0.3724
Service stinks here!,0,Yelp,Negative,Negative,-0.3164
I waited and waited.,0,Yelp,Negative,Neutral,0.0
"This place is not quality sushi, it is not a quality restaurant.",0,Yelp,Negative,Neutral,0.0
I would definitely recommend the wings as well as the pizza.,1,Yelp,Positive,Positive,0.743
Great Pizza and Salads!,1,Yelp,Positive,Positive,0.6588
Things that went wrong: - They burned the saganaki.,0,Yelp,Negative,Negative,-0.4767
We waited an hour for what was a breakfast I could have done 100 times better at home.,0,Yelp,Negative,Positive,0.4404
This place is amazing!,1,Yelp,Positive,Positive,0.6239
"I hate to disagree with my fellow Yelpers, but my husband and I were so disappointed with this place.",0,Yelp,Negative,Negative,-0.8637
Waited 2 hours & never got either of our pizzas as many other around us who came in later did!,0,Yelp,Negative,Neutral,0.0
Just don't know why they were so slow.,0,Yelp,Negative,Neutral,0.0
"The staff is great, the food is delish, and they have an incredible beer selection.",1,Yelp,Positive,Positive,0.6249
"I live in the neighborhood so I am disappointed I won't be back here, because it is a convenient location.",0,Yelp,Negative,Negative,-0.5209
I didn't know pulled pork could be soooo delicious.,1,Yelp,Positive,Positive,0.5719
"You get incredibly fresh fish, prepared with care.",1,Yelp,Positive,Positive,0.788
Before I go in to why I gave a 1 star rating please know that this was my third time eating at Bachi burger before writing a review.,0,Yelp,Negative,Positive,0.3182
I love the fact that everything on their menu is worth it.,1,Yelp,Positive,Positive,0.7269
Never again will I be dining at this place!,0,Yelp,Negative,Neutral,0.0
The food was excellent and service was very good.,1,Yelp,Positive,Positive,0.7841
Good beer & drink selection and good food selection.,1,Yelp,Positive,Positive,0.7003
Please stay away from the shrimp stir fried noodles.,0,Yelp,Negative,Positive,0.3182
The potato chip order was sad... I could probably count how many chips were in that box and it was probably around 12.,0,Yelp,Negative,Negative,-0.4767
Food was really boring.,0,Yelp,Negative,Negative,-0.3804
Good Service-check!,1,Yelp,Positive,Positive,0.4926
This greedy corporation will NEVER see another dime from me!,0,Yelp,Negative,Negative,-0.3802
"Will never, ever go back.",0,Yelp,Negative,Neutral,0.0
"As much as I'd like to go back, I can't get passed the atrocious service and will never return.",0,Yelp,Negative,Positive,0.3612
"In the summer, you can dine in a charming outdoor patio - so very delightful.",1,Yelp,Positive,Positive,0.847
I did not expect this to be so good!,1,Yelp,Positive,Positive,0.6166
Fantastic food!,1,Yelp,Positive,Positive,0.5983
She ordered a toasted English muffin that came out untoasted.,0,Yelp,Negative,Neutral,0.0
The food was very good.,1,Yelp,Positive,Positive,0.4927
Never going back.,0,Yelp,Negative,Neutral,0.0
"Great food for the price, which is very high quality and house made.",1,Yelp,Positive,Positive,0.6249
The bus boy on the other hand was so rude.,0,Yelp,Negative,Neutral,-0.024
"By this point, my friends and I had basically figured out this place was a joke and didn't mind making it publicly and loudly known.",0,Yelp,Negative,Positive,0.6486
"Back to good BBQ, lighter fare, reasonable pricing and tell the public they are back to the old ways.",1,Yelp,Positive,Positive,0.4404
"And considering the two of us left there very full and happy for about $20, you just can't go wrong.",1,Yelp,Positive,Positive,0.7592
All the bread is made in-house!,1,Yelp,Positive,Neutral,0.0
The only downside is the service.,0,Yelp,Negative,Negative,-0.25
"Also, the fries are without a doubt the worst fries I've ever had.",0,Yelp,Negative,Negative,-0.457
Service was exceptional and food was a good as all the reviews.,1,Yelp,Positive,Positive,0.4404
"A couple of months later, I returned and had an amazing meal.",1,Yelp,Positive,Positive,0.5859
Favorite place in town for shawarrrrrrma!!!!!!,1,Yelp,Positive,Positive,0.6331
The black eyed peas and sweet potatoes... UNREAL!,1,Yelp,Positive,Positive,0.5093
You won't be disappointed.,1,Yelp,Positive,Positive,0.3724
"They could serve it with just the vinaigrette and it may make for a better overall dish, but it was still very good.",1,Yelp,Positive,Positive,0.7383
"I go to far too many places and I've never seen any restaurant that serves a 1 egg breakfast, especially for $4.00.",0,Yelp,Negative,Neutral,0.0
When my mom and I got home she immediately got sick and she only had a few bites of salad.,0,Yelp,Negative,Negative,-0.5106
The servers are not pleasant to deal with and they don't always honor Pizza Hut coupons.,0,Yelp,Negative,Negative,-0.652
"Both of them were truly unbelievably good, and I am so glad we went back.",1,Yelp,Positive,Positive,0.8738
"We had fantastic service, and were pleased by the atmosphere.",1,Yelp,Positive,Positive,0.7579
Everything was gross.,0,Yelp,Negative,Negative,-0.4767
I love this place.,1,Yelp,Positive,Positive,0.6369
Great service and food.,1,Yelp,Positive,Positive,0.6249
First - the bathrooms at this location were dirty- Seat covers were not replenished & just plain yucky!!!,0,Yelp,Negative,Negative,-0.7633
"The burger... I got the ""Gold Standard"" a $17 burger and was kind of disappointed.",0,Yelp,Negative,Negative,-0.5256
"OMG, the food was delicioso!",1,Yelp,Positive,Neutral,0.0
There is nothing authentic about this place.,0,Yelp,Negative,Neutral,0.0
the spaghetti is nothing special whatsoever.,0,Yelp,Negative,Negative,-0.3089
"Of all the dishes, the salmon was the best, but all were great.",1,Yelp,Positive,Positive,0.85
The vegetables are so fresh and the sauce feels like authentic Thai.,1,Yelp,Positive,Positive,0.6696
It's worth driving up from Tucson!,1,Yelp,Positive,Positive,0.2942
The selection was probably the worst I've seen in Vegas.....there was none.,0,Yelp,Negative,Negative,-0.6249
Pretty good beer selection too.,1,Yelp,Positive,Positive,0.7269
"This place is like Chipotle, but BETTER.",1,Yelp,Positive,Positive,0.7717
"Classy/warm atmosphere, fun and fresh appetizers, succulent steaks (Baseball steak!!!!!",1,Yelp,Positive,Positive,0.7762
5 stars for the brick oven bread app!,1,Yelp,Positive,Neutral,0.0
"I have eaten here multiple times, and each time the food was delicious.",1,Yelp,Positive,Positive,0.5719
We sat another ten minutes and finally gave up and left.,0,Yelp,Negative,Neutral,0.0
He was terrible!,0,Yelp,Negative,Negative,-0.5255
Everyone is treated equally special.,1,Yelp,Positive,Positive,0.4019
It shouldn't take 30 min for pancakes and eggs.,0,Yelp,Negative,Neutral,0.0
It was delicious!!!,1,Yelp,Positive,Positive,0.6784
"On the good side, the staff was genuinely pleasant and enthusiastic - a real treat.",1,Yelp,Positive,Positive,0.9022
"Sadly, Gordon Ramsey's Steak is a place we shall sharply avoid during our next trip to Vegas.",0,Yelp,Negative,Negative,-0.6124
As always the evening was wonderful and the food delicious!,1,Yelp,Positive,Positive,0.8268
Best fish I've ever had in my life!,1,Yelp,Positive,Positive,0.6696
(The bathroom is just next door and very nice.),1,Yelp,Positive,Positive,0.4754
The buffet is small and all the food they offered was BLAND.,0,Yelp,Negative,Neutral,0.0
This is an Outstanding little restaurant with some of the Best Food I have ever tasted.,1,Yelp,Positive,Positive,0.8481
Pretty cool I would say.,1,Yelp,Positive,Positive,0.6705
Definitely a turn off for me & i doubt I'll be back unless someone else is buying.,0,Yelp,Negative,Positive,0.0516
Server did a great job handling our large rowdy table.,1,Yelp,Positive,Positive,0.6249
"I find wasting food to be despicable, but this just wasn't food.",0,Yelp,Negative,Negative,-0.2144
My wife had the Lobster Bisque soup which was lukewarm.,0,Yelp,Negative,Neutral,0.0
Would come back again if I had a sushi craving while in Vegas.,1,Yelp,Positive,Neutral,0.0
"The staff are great, the ambiance is great.",1,Yelp,Positive,Positive,0.8481
He deserves 5 stars.,1,Yelp,Positive,Neutral,0.0
I left with a stomach ache and felt sick the rest of the day.,0,Yelp,Negative,Negative,-0.7096
They dropped more than the ball.,0,Yelp,Negative,Neutral,0.0
"The dining space is tiny, but elegantly decorated and comfortable.",1,Yelp,Positive,Positive,0.8519
"They will customize your order any way you'd like, my usual is Eggplant with Green Bean stir fry, love it!",1,Yelp,Positive,Positive,0.7901
And the beans and rice were mediocre at best.,0,Yelp,Negative,Positive,0.6369
Best tacos in town by far!!,1,Yelp,Positive,Positive,0.6988
I took back my money and got outta there.,0,Yelp,Negative,Neutral,0.0
"In an interesting part of town, this place is amazing.",1,Yelp,Positive,Positive,0.7579
RUDE & INCONSIDERATE MANAGEMENT.,0,Yelp,Negative,Negative,-0.8109
"The staff are now not as friendly, the wait times for being served are horrible, no one even says hi for the first 10 minutes.",0,Yelp,Negative,Negative,-0.8089
I won't be back.,0,Yelp,Negative,Neutral,0.0
They have great dinners.,1,Yelp,Positive,Positive,0.6249
The service was outshining & I definitely recommend the Halibut.,1,Yelp,Positive,Positive,0.6369
The food was terrible.,0,Yelp,Negative,Negative,-0.4767
WILL NEVER EVER GO BACK AND HAVE TOLD MANY PEOPLE WHAT HAD HAPPENED.,0,Yelp,Negative,Neutral,0.0
I don't recommend unless your car breaks down in front of it and you are starving.,0,Yelp,Negative,Negative,-0.6007
I will come back here every time I'm in Vegas.,1,Yelp,Positive,Neutral,0.0
This place deserves one star and 90% has to do with the food.,0,Yelp,Negative,Neutral,0.0
This is a disgrace.,0,Yelp,Negative,Negative,-0.4939
Def coming back to bowl next time,1,Yelp,Positive,Neutral,0.0
"If you want healthy authentic or ethic food, try this place.",1,Yelp,Positive,Positive,0.4588
I will continue to come here on ladies night andddd date night ... highly recommend this place to anyone who is in the area (;,1,Yelp,Positive,Positive,0.5984
"I have been here several times in the past, and the experience has always been great.",1,Yelp,Positive,Positive,0.6249
We walked away stuffed and happy about our first Vegas buffet experience.,1,Yelp,Positive,Positive,0.5719
Service was excellent and prices are pretty reasonable considering this is Vegas and located inside the Crystals shopping mall by Aria.,1,Yelp,Positive,Positive,0.7845
"To summarize... the food was incredible, nay, transcendant... but nothing brings me joy quite like the memory of the pneumatic condiment dispenser.",1,Yelp,Positive,Negative,-0.1074
I'm probably one of the few people to ever go to Ians and not like it.,0,Yelp,Negative,Negative,-0.2755
Kids pizza is always a hit too with lots of great side dish options for the kiddos!,1,Yelp,Positive,Positive,0.6588
Service is perfect and the family atmosphere is nice to see.,1,Yelp,Positive,Positive,0.7579
Cooked to perfection and the service was impeccable.,1,Yelp,Positive,Positive,0.5719
This one is simply a disappointment.,0,Yelp,Negative,Negative,-0.5106
"Overall, I was very disappointed with the quality of food at Bouchon.",0,Yelp,Negative,Negative,-0.5256
I don't have to be an accountant to know I'm getting screwed!,0,Yelp,Negative,Negative,-0.5411
"Great place to eat, reminds me of the little mom and pop shops in the San Francisco Bay Area.",1,Yelp,Positive,Positive,0.6249
Today was my first taste of a Buldogis Gourmet Hot Dog and I have to tell you it was more than I ever thought possible.,1,Yelp,Positive,Neutral,0.0
Left very frustrated.,0,Yelp,Negative,Negative,-0.5709
I'll definitely be in soon again.,1,Yelp,Positive,Positive,0.4019
Food was really good and I got full petty fast.,1,Yelp,Positive,Positive,0.3384
Service was fantastic.,1,Yelp,Positive,Positive,0.5574
TOTAL WASTE OF TIME.,0,Yelp,Negative,Negative,-0.4754
I don't know what kind it is but they have the best iced tea.,1,Yelp,Positive,Positive,0.7106
"Come hungry, leave happy and stuffed!",1,Yelp,Positive,Positive,0.5848
"For service, I give them no stars.",0,Yelp,Negative,Negative,-0.296
I can assure you that you won't be disappointed.,1,Yelp,Positive,Positive,0.6065
I can take a little bad service but the food sucks.,0,Yelp,Negative,Negative,-0.6546
Gave up trying to eat any of the crust (teeth still sore).,0,Yelp,Negative,Negative,-0.3612
But now I was completely grossed out.,0,Yelp,Negative,Negative,-0.2592
I really enjoyed eating here.,1,Yelp,Positive,Positive,0.5563
First time going but I think I will quickly become a regular.,1,Yelp,Positive,Neutral,0.0
"Our server was very nice, and even though he looked a little overwhelmed with all of our needs, he stayed professional and friendly until the end.",1,Yelp,Positive,Positive,0.7351
From what my dinner companions told me...everything was very fresh with nice texture and taste.,1,Yelp,Positive,Positive,0.6865
"On the ground, right next to our table was a large, smeared, been-stepped-in-and-tracked-everywhere pile of green bird poop.",0,Yelp,Negative,Neutral,0.0
"Furthermore, you can't even find hours of operation on the website!",0,Yelp,Negative,Neutral,0.0
We've tried to like this place but after 10+ times I think we're done with them.,0,Yelp,Negative,Positive,0.1901
What a mistake that was!,0,Yelp,Negative,Negative,-0.4003
No complaints!,1,Yelp,Positive,Positive,0.3716
This is some seriously good pizza and I'm an expert/connisseur on the topic.,1,Yelp,Positive,Positive,0.296
Waiter was a jerk.,0,Yelp,Negative,Negative,-0.34
"Strike 2, who wants to be rushed.",0,Yelp,Negative,Negative,-0.128
These are the nicest restaurant owners I've ever come across.,1,Yelp,Positive,Positive,0.4939
I never come again.,0,Yelp,Negative,Neutral,0.0
We loved the biscuits!!!,1,Yelp,Positive,Positive,0.6981
Service is quick and friendly.,1,Yelp,Positive,Positive,0.4939
Ordered an appetizer and took 40 minutes and then the pizza another 10 minutes.,0,Yelp,Negative,Neutral,0.0
So absolutley fantastic.,1,Yelp,Positive,Positive,0.5965
It was a huge awkward 1.5lb piece of cow that was 3/4ths gristle and fat.,0,Yelp,Negative,Positive,0.1779
definitely will come back here again.,1,Yelp,Positive,Positive,0.4019
I like Steiners because it's dark and it feels like a bar.,1,Yelp,Positive,Positive,0.6124
Wow very spicy but delicious.,1,Yelp,Positive,Positive,0.8336
"If you're not familiar, check it out.",1,Yelp,Positive,Neutral,0.0
I'll take my business dinner dollars elsewhere.,0,Yelp,Negative,Neutral,0.0
I'd love to go back.,1,Yelp,Positive,Positive,0.6369
"Anyway, this FS restaurant has a wonderful breakfast/lunch.",1,Yelp,Positive,Positive,0.5719
Nothing special.,0,Yelp,Negative,Negative,-0.3089
Each day of the week they have a different deal and it's all so delicious!,1,Yelp,Positive,Positive,0.7213
"Not to mention the combination of pears, almonds and bacon is a big winner!",1,Yelp,Positive,Positive,0.6239
Will not be back.,0,Yelp,Negative,Neutral,0.0
Sauce was tasteless.,0,Yelp,Negative,Neutral,0.0
"The food is delicious and just spicy enough, so be sure to ask for spicier if you prefer it that way.",1,Yelp,Positive,Positive,0.7414
My ribeye steak was cooked perfectly and had great mesquite flavor.,1,Yelp,Positive,Positive,0.8519
I don't think we'll be going back anytime soon.,0,Yelp,Negative,Neutral,0.0
Food was so gooodd.,1,Yelp,Positive,Neutral,0.0
I am far from a sushi connoisseur but I can definitely tell the difference between good food and bad food and this was certainly bad food.,0,Yelp,Negative,Neutral,-0.0
I was so insulted.,0,Yelp,Negative,Negative,-0.6418
The last 3 times I had lunch here has been bad.,0,Yelp,Negative,Negative,-0.5423
The chicken wings contained the driest chicken meat I have ever eaten.,0,Yelp,Negative,Neutral,0.0
"The food was very good and I enjoyed every mouthful, an enjoyable relaxed venue for couples small family groups etc.",1,Yelp,Positive,Positive,0.9117
Nargile - I think you are great.,1,Yelp,Positive,Positive,0.6249
Best tater tots in the southwest.,1,Yelp,Positive,Positive,0.6369
We loved the place.,1,Yelp,Positive,Positive,0.5994
Definitely not worth the $3 I paid.,0,Yelp,Negative,Positive,0.2579
The vanilla ice cream was creamy and smooth while the profiterole (choux) pastry was fresh enough.,1,Yelp,Positive,Positive,0.4019
Im in AZ all the time and now have my new spot.,1,Yelp,Positive,Neutral,0.0
The manager was the worst.,0,Yelp,Negative,Negative,-0.6249
The inside is really quite nice and very clean.,1,Yelp,Positive,Positive,0.748
The food was outstanding and the prices were very reasonable.,1,Yelp,Positive,Positive,0.6124
I don't think I'll be running back to Carly's anytime soon for food.,0,Yelp,Negative,Neutral,0.0
"This is was due to the fact that it took 20 minutes to be acknowledged, then another 35 minutes to get our food...and they kept forgetting things.",0,Yelp,Negative,Neutral,0.0
"Love the margaritas, too!",1,Yelp,Positive,Positive,0.6696
This was my first and only Vegas buffet and it did not disappoint.,1,Yelp,Positive,Positive,0.3089
"Very good, though!",1,Yelp,Positive,Positive,0.54
The one down note is the ventilation could use some upgrading.,0,Yelp,Negative,Neutral,0.0
Great pork sandwich.,1,Yelp,Positive,Positive,0.6249
Don't waste your time here.,0,Yelp,Negative,Positive,0.3252
"Total letdown, I would much rather just go to the Camelback Flower Shop and Cartel Coffee.",0,Yelp,Negative,Neutral,0.0
"Third, the cheese on my friend's burger was cold.",0,Yelp,Negative,Neutral,0.0
We enjoy their pizza and brunch.,1,Yelp,Positive,Positive,0.4939
The steaks are all well trimmed and also perfectly cooked.,1,Yelp,Positive,Positive,0.743
We had a group of 70+ when we claimed we would only have 40 and they handled us beautifully.,1,Yelp,Positive,Positive,0.5719
I LOVED it!,1,Yelp,Positive,Positive,0.7118
We asked for the bill to leave without eating and they didn't bring that either.,0,Yelp,Negative,Negative,-0.0516
"This place is a jewel in Las Vegas, and exactly what I've been hoping to find in nearly ten years living here.",1,Yelp,Positive,Positive,0.6486
Seafood was limited to boiled shrimp and crab legs but the crab legs definitely did not taste fresh.,0,Yelp,Negative,Positive,0.1672
The selection of food was not the best.,0,Yelp,Negative,Negative,-0.5216
Delicious and I will absolutely be back!,1,Yelp,Positive,Positive,0.6114
"This isn't a small family restaurant, this is a fine dining establishment.",1,Yelp,Positive,Positive,0.2023
They had a toro tartare with a cavier that was extraordinary and I liked the thinly sliced wagyu with white truffle.,1,Yelp,Positive,Positive,0.4215
I dont think I will be back for a very long time.,0,Yelp,Negative,Neutral,0.0
"It was attached to a gas station, and that is rarely a good sign.",0,Yelp,Negative,Negative,-0.3412
How awesome is that.,1,Yelp,Positive,Positive,0.6249
I will be back many times soon.,1,Yelp,Positive,Neutral,0.0
The menu had so much good stuff on it i could not decide!,1,Yelp,Positive,Positive,0.5378
"Worse of all, he humiliated his worker right in front of me..Bunch of horrible name callings.",0,Yelp,Negative,Negative,-0.8402
CONCLUSION: Very filling meals.,1,Yelp,Positive,Neutral,0.0
Their daily specials are always a hit with my group.,1,Yelp,Positive,Neutral,0.0
And then tragedy struck.,0,Yelp,Negative,Negative,-0.7506
The pancake was also really good and pretty large at that.,1,Yelp,Positive,Positive,0.7688
"This was my first crawfish experience, and it was delicious!",1,Yelp,Positive,Positive,0.6114
Their monster chicken fried steak and eggs is my all time favorite.,1,Yelp,Positive,Positive,0.4588
Waitress was sweet and funny.,1,Yelp,Positive,Positive,0.7096
"I also had to taste my Mom's multi-grain pumpkin pancakes with pecan butter and they were amazing, fluffy, and delicious!",1,Yelp,Positive,Positive,0.8313
"I'd rather eat airline food, seriously.",0,Yelp,Negative,Negative,-0.1779
Cant say enough good things about this place.,1,Yelp,Positive,Negative,-0.3412
The ambiance was incredible.,1,Yelp,Positive,Neutral,0.0
The waitress and manager are so friendly.,1,Yelp,Positive,Positive,0.6269
I would not recommend this place.,0,Yelp,Negative,Negative,-0.2755
Overall I wasn't very impressed with Noca.,0,Yelp,Negative,Negative,-0.4158
My gyro was basically lettuce only.,0,Yelp,Negative,Neutral,0.0
Terrible service!,0,Yelp,Negative,Negative,-0.5255
Thoroughly disappointed!,0,Yelp,Negative,Negative,-0.5697
"I don't each much pasta, but I love the homemade /hand made pastas and thin pizzas here.",1,Yelp,Positive,Positive,0.9022
"Give it a try, you will be happy you did.",1,Yelp,Positive,Positive,0.5719
By far the BEST cheesecurds we have ever had!,1,Yelp,Positive,Positive,0.7371
Reasonably priced also!,1,Yelp,Positive,Neutral,0.0
Everything was perfect the night we were in.,1,Yelp,Positive,Positive,0.5719
The food is very good for your typical bar food.,1,Yelp,Positive,Positive,0.4927
it was a drive to get there.,0,Yelp,Negative,Neutral,0.0
"At first glance it is a lovely bakery cafe - nice ambiance, clean, friendly staff.",1,Yelp,Positive,Positive,0.91
"Anyway, I do not think i will go back there.",0,Yelp,Negative,Neutral,0.0
"Point your finger at any item on the menu, order it and you won't be disappointed.",1,Yelp,Positive,Positive,0.3724
"Oh this is such a thing of beauty, this restaurant.",1,Yelp,Positive,Positive,0.5859
If you haven't gone here GO NOW!,1,Yelp,Positive,Neutral,0.0
"A greasy, unhealthy meal.",0,Yelp,Negative,Negative,-0.5267
first time there and might just be the last.,0,Yelp,Negative,Neutral,0.0
Those burgers were amazing.,1,Yelp,Positive,Positive,0.5859
"Similarly, the delivery man did not say a word of apology when our food was 45 minutes late.",0,Yelp,Negative,Positive,0.0516
And it was way to expensive.,0,Yelp,Negative,Neutral,0.0
"Be sure to order dessert, even if you need to pack it to-go - the tiramisu and cannoli are both to die for.",1,Yelp,Positive,Negative,-0.3818
This was my first time and I can't wait until the next.,1,Yelp,Positive,Neutral,0.0
The bartender was also nice.,1,Yelp,Positive,Positive,0.4215
Everything was good and tasty!,1,Yelp,Positive,Positive,0.4926
This place is two thumbs up....way up.,1,Yelp,Positive,Neutral,0.0
"The best place in Vegas for breakfast (just check out a Sat, or Sun.",1,Yelp,Positive,Positive,0.6369
"If you love authentic Mexican food and want a whole bunch of interesting, yet delicious meats to choose from, you need to try this place.",1,Yelp,Positive,Positive,0.8979
Terrible management.,0,Yelp,Negative,Negative,-0.4767
An excellent new restaurant by an experienced Frenchman.,1,Yelp,Positive,Positive,0.5719
If there were zero stars I would give it zero stars.,0,Yelp,Negative,Neutral,0.0
"Great steak, great sides, great wine, amazing desserts.",1,Yelp,Positive,Positive,0.9524
Worst martini ever!,0,Yelp,Negative,Negative,-0.6588
The steak and the shrimp are in my opinion the best entrees at GC.,1,Yelp,Positive,Positive,0.6369
I had the opportunity today to sample your amazing pizzas!,1,Yelp,Positive,Positive,0.784
We waited for thirty minutes to be seated (although there were 8 vacant tables and we were the only folks waiting).,0,Yelp,Negative,Neutral,0.0
The yellowtail carpaccio was melt in your mouth fresh.,1,Yelp,Positive,Positive,0.3182
I won't try going back there even if it's empty.,0,Yelp,Negative,Negative,-0.2023
"No, I'm going to eat the potato that I found some strangers hair in it.",0,Yelp,Negative,Neutral,0.0
Just spicy enough.. Perfect actually.,1,Yelp,Positive,Positive,0.5719
Last night was my second time dining here and I was so happy I decided to go back!,1,Yelp,Positive,Positive,0.7213
"not even a ""hello, we will be right with you.""",0,Yelp,Negative,Neutral,0.0
The desserts were a bit strange.,0,Yelp,Negative,Negative,-0.2023
My boyfriend and I came here for the first time on a recent trip to Vegas and could not have been more pleased with the quality of food and service.,1,Yelp,Positive,Positive,0.4927
"I really do recommend this place, you can go wrong with this donut place!",1,Yelp,Positive,Negative,-0.1565
Nice ambiance.,1,Yelp,Positive,Positive,0.4215
I would recommend saving room for this!,1,Yelp,Positive,Positive,0.4199
I guess maybe we went on an off night but it was disgraceful.,0,Yelp,Negative,Neutral,0.0
"However, my recent experience at this particular location was not so good.",0,Yelp,Negative,Negative,-0.464
"I know this is not like the other restaurants at all, something is very off here!",0,Yelp,Negative,Negative,-0.3404
AVOID THIS ESTABLISHMENT!,0,Yelp,Negative,Negative,-0.3595
I think this restaurant suffers from not trying hard enough.,0,Yelp,Negative,Negative,-0.4222
All of the tapas dishes were delicious!,1,Yelp,Positive,Positive,0.6114
I *heart* this place.,1,Yelp,Positive,Positive,0.6369
My salad had a bland vinegrette on the baby greens and hearts of Palm.,0,Yelp,Negative,Positive,0.6486
After two I felt disgusting.,0,Yelp,Negative,Negative,-0.5267
A good time!,1,Yelp,Positive,Positive,0.4926
I believe that this place is a great stop for those with a huge belly and hankering for sushi.,1,Yelp,Positive,Positive,0.6369
Generous portions and great taste.,1,Yelp,Positive,Positive,0.8126
I will never go back to this place and will never ever recommended this place to anyone!,0,Yelp,Negative,Negative,-0.2225
"The servers went back and forth several times, not even so much as an ""Are you being helped?""",0,Yelp,Negative,Neutral,0.0
Food was delicious!,1,Yelp,Positive,Positive,0.6114
AN HOUR... seriously?,0,Yelp,Negative,Negative,-0.1779
I consider this theft.,0,Yelp,Negative,Neutral,0.0
Eew... This location needs a complete overhaul.,0,Yelp,Negative,Neutral,0.0
We recently witnessed her poor quality of management towards other guests as well.,0,Yelp,Negative,Negative,-0.25
Waited and waited and waited.,0,Yelp,Negative,Neutral,0.0
"He also came back to check on us regularly, excellent service.",1,Yelp,Positive,Positive,0.5719
Our server was super nice and checked on us many times.,1,Yelp,Positive,Positive,0.7717
"The pizza tasted old, super chewy in not a good way.",0,Yelp,Negative,Positive,0.3599
I swung in to give them a try but was deeply disappointed.,0,Yelp,Negative,Negative,-0.6798
Service was good and the company was better!,1,Yelp,Positive,Positive,0.7263
The staff are also very friendly and efficient.,1,Yelp,Positive,Positive,0.762
"As for the service: I'm a fan, because it's quick and you're being served by some nice folks.",1,Yelp,Positive,Positive,0.6249
Boy was that sucker dry!!.,0,Yelp,Negative,Negative,-0.6103
Over rated.,0,Yelp,Negative,Neutral,0.0
"If you look for authentic Thai food, go else where.",0,Yelp,Negative,Neutral,0.0
Their steaks are 100% recommended!,1,Yelp,Positive,Positive,0.2714
After I pulled up my car I waited for another 15 minutes before being acknowledged.,0,Yelp,Negative,Neutral,0.0
Great food and great service in a clean and friendly setting.,1,Yelp,Positive,Positive,0.9337
"All in all, I can assure you I'll be back.",1,Yelp,Positive,Positive,0.34
I hate those things as much as cheap quality black olives.,0,Yelp,Negative,Negative,-0.5719
"My breakfast was perpared great, with a beautiful presentation of 3 giant slices of Toast, lightly dusted with powdered sugar.",1,Yelp,Positive,Positive,0.8402
The kids play area is NASTY!,0,Yelp,Negative,Negative,-0.4981
Great place fo take out or eat in.,1,Yelp,Positive,Positive,0.6249
The waitress was friendly and happy to accomodate for vegan/veggie options.,1,Yelp,Positive,Positive,0.7845
OMG I felt like I had never eaten Thai food until this dish.,1,Yelp,Positive,Positive,0.3612
"It was extremely ""crumby"" and pretty tasteless.",0,Yelp,Negative,Positive,0.5367
It was a pale color instead of nice and char and has NO flavor.,0,Yelp,Negative,Neutral,-0.0343
The croutons also taste homemade which is an extra plus.,1,Yelp,Positive,Neutral,0.0
I got home to see the driest damn wings ever!,0,Yelp,Negative,Negative,-0.4574
It'll be a regular stop on my trips to Phoenix!,1,Yelp,Positive,Negative,-0.3595
I really enjoyed Crema Café before they expanded; I even told friends they had the BEST breakfast.,1,Yelp,Positive,Positive,0.9123
Not good for the money.,0,Yelp,Negative,Negative,-0.3412
I miss it and wish they had one in Philadelphia!,1,Yelp,Positive,Positive,0.3382
"We got sitting fairly fast, but, ended up waiting 40 minutes just to place our order, another 30 minutes before the food arrived.",0,Yelp,Negative,Neutral,0.0
They also have the best cheese crisp in town.,1,Yelp,Positive,Positive,0.6369
"Good value, great food, great service.",1,Yelp,Positive,Positive,0.926
Couldn't ask for a more satisfying meal.,1,Yelp,Positive,Positive,0.5095
The food is good.,1,Yelp,Positive,Positive,0.4404
It was awesome.,1,Yelp,Positive,Positive,0.6249
I just wanted to leave.,0,Yelp,Negative,Negative,-0.0516
We made the drive all the way from North Scottsdale... and I was not one bit disappointed!,1,Yelp,Positive,Positive,0.4303
I will not be eating there again.,0,Yelp,Negative,Neutral,0.0
!....THE OWNERS REALLY REALLY need to quit being soooooo cheap let them wrap my freaking sandwich in two papers not one!,0,Yelp,Negative,Negative,-0.5242
I checked out this place a couple years ago and was not impressed.,0,Yelp,Negative,Negative,-0.3724
"The chicken I got was definitely reheated and was only ok, the wedges were cold and soggy.",0,Yelp,Negative,Positive,0.4019
"Sorry, I will not be getting food from here anytime soon :(",0,Yelp,Negative,Negative,-0.4939
An absolute must visit!,1,Yelp,Positive,Neutral,0.0
The cow tongue and cheek tacos are amazing.,1,Yelp,Positive,Positive,0.5859
My friend did not like his Bloody Mary.,0,Yelp,Negative,Positive,0.5417
"Despite how hard I rate businesses, its actually rare for me to give a 1 star.",0,Yelp,Negative,Positive,0.0762
They really want to make your experience a good one.,1,Yelp,Positive,Positive,0.5413
I will not return.,0,Yelp,Negative,Neutral,0.0
I had the chicken Pho and it tasted very bland.,0,Yelp,Negative,Neutral,0.0
Very disappointing!!!,0,Yelp,Negative,Negative,-0.6563
The grilled chicken was so tender and yellow from the saffron seasoning.,1,Yelp,Positive,Neutral,0.0
"a drive thru means you do not want to wait around for half an hour for your food, but somehow when we end up going here they make us wait and wait.",0,Yelp,Negative,Neutral,-0.0286
Pretty awesome place.,1,Yelp,Positive,Positive,0.8074
Ambience is perfect.,1,Yelp,Positive,Positive,0.5719
Best of luck to the rude and non-customer service focused new management.,0,Yelp,Negative,Positive,0.7783
Any grandmother can make a roasted chicken better than this one.,0,Yelp,Negative,Positive,0.4404
I asked multiple times for the wine list and after some time of being ignored I went to the hostess and got one myself.,0,Yelp,Negative,Negative,-0.3182
"The staff is always super friendly and helpful, which is especially cool when you bring two small boys and a baby!",1,Yelp,Positive,Positive,0.915
Four stars for the food & the guy in the blue shirt for his great vibe & still letting us in to eat !,1,Yelp,Positive,Positive,0.6588
The roast beef sandwich tasted really good!,1,Yelp,Positive,Positive,0.54
"Same evening, him and I are both drastically sick.",0,Yelp,Negative,Negative,-0.5106
High-quality chicken on the chicken Caesar salad.,1,Yelp,Positive,Neutral,0.0
Ordered burger rare came in we'll done.,0,Yelp,Negative,Neutral,0.0
We were promptly greeted and seated.,1,Yelp,Positive,Positive,0.2732
Tried to go here for lunch and it was a madhouse.,0,Yelp,Negative,Neutral,0.0
"I was proven dead wrong by this sushi bar, not only because the quality is great, but the service is fast and the food, impeccable.",1,Yelp,Positive,Negative,-0.2846
"After waiting an hour and being seated, I was not in the greatest of moods.",0,Yelp,Negative,Negative,-0.5216
This is a good joint.,1,Yelp,Positive,Positive,0.4404
The Macarons here are insanely good.,1,Yelp,Positive,Positive,0.4404
I'm not eating here!,0,Yelp,Negative,Neutral,0.0
"Our waiter was very attentive, friendly, and informative.",1,Yelp,Positive,Positive,0.539
Maybe if they weren't cold they would have been somewhat edible.,0,Yelp,Negative,Neutral,0.0
This place has a lot of promise but fails to deliver.,0,Yelp,Negative,Negative,-0.4678
Very bad Experience!,0,Yelp,Negative,Negative,-0.623
What a mistake.,0,Yelp,Negative,Negative,-0.34
Food was average at best.,0,Yelp,Negative,Positive,0.6369
Great food.,1,Yelp,Positive,Positive,0.6249
We won't be going back anytime soon!,0,Yelp,Negative,Neutral,0.0
Very Very Disappointed ordered the $35 Big Bay Plater.,0,Yelp,Negative,Negative,-0.5678
Great place to relax and have an awesome burger and beer.,1,Yelp,Positive,Positive,0.9022
It is PERFECT for a sit-down family meal or get together with a few friends.,1,Yelp,Positive,Positive,0.8192
"Not much flavor to them, and very poorly constructed.",0,Yelp,Negative,Neutral,0.0
The patio seating was very comfortable.,1,Yelp,Positive,Positive,0.5563
The fried rice was dry as well.,0,Yelp,Negative,Positive,0.2732
Hands down my favorite Italian restaurant!,1,Yelp,Positive,Positive,0.5093
"That just SCREAMS ""LEGIT"" in my book...somethat's also pretty rare here in Vegas.",1,Yelp,Positive,Positive,0.0688
It was just not a fun experience.,1,Yelp,Positive,Negative,-0.4023
The atmosphere was great with a lovely duo of violinists playing songs we requested.,1,Yelp,Positive,Positive,0.8658
"I personally love the hummus, pita, baklava, falafels and Baba Ganoush (it's amazing what they do with eggplant!).",1,Yelp,Positive,Positive,0.7088
"Very convenient, since we were staying at the MGM!",1,Yelp,Positive,Neutral,0.0
The owners are super friendly and the staff is courteous.,1,Yelp,Positive,Positive,0.886
Both great!,1,Yelp,Positive,Positive,0.6588
Eclectic selection.,1,Yelp,Positive,Neutral,0.0
The sweet potato tots were good but the onion rings were perfection or as close as I have had.,1,Yelp,Positive,Positive,0.8402
The staff was very attentive.,1,Yelp,Positive,Neutral,0.0
And the chef was generous with his time (even came around twice so we can take pictures with him).,1,Yelp,Positive,Positive,0.5106
"The owner used to work at Nobu, so this place is really similar for half the price.",1,Yelp,Positive,Neutral,0.0
Google mediocre and I imagine Smashburger will pop up.,0,Yelp,Negative,Neutral,0.0
dont go here.,0,Yelp,Negative,Neutral,0.0
I promise they won't disappoint.,1,Yelp,Positive,Positive,0.5511
As a sushi lover avoid this place by all means.,0,Yelp,Negative,Positive,0.3818
What a great double cheeseburger!,1,Yelp,Positive,Positive,0.6588
Awesome service and food.,1,Yelp,Positive,Positive,0.6249
A fantastic neighborhood gem !!!,1,Yelp,Positive,Positive,0.6679
I can't wait to go back.,1,Yelp,Positive,Neutral,0.0
The plantains were the worst I've ever tasted.,0,Yelp,Negative,Negative,-0.6249
It's a great place and I highly recommend it.,1,Yelp,Positive,Positive,0.7841
Service was slow and not attentive.,0,Yelp,Negative,Neutral,0.0
"I gave it 5 stars then, and I'm giving it 5 stars now.",1,Yelp,Positive,Positive,0.34
Your staff spends more time talking to themselves than me.,0,Yelp,Negative,Neutral,0.0
Dessert: Panna Cotta was amazing.,1,Yelp,Positive,Positive,0.5859
"Very good food, great atmosphere.1",1,Yelp,Positive,Positive,0.8204
Damn good steak.,1,Yelp,Positive,Positive,0.0516
Total brunch fail.,0,Yelp,Negative,Negative,-0.5829
"Prices are very reasonable, flavors are spot on, the sauce is home made, and the slaw is not drenched in mayo.",1,Yelp,Positive,Positive,0.4767
"The decor is nice, and the piano music soundtrack is pleasant.",1,Yelp,Positive,Positive,0.7269
The steak was amazing...rge fillet relleno was the best seafood plate i have ever had!,1,Yelp,Positive,Positive,0.6696
"Good food , good service .",1,Yelp,Positive,Positive,0.7003
It was absolutely amazing.,1,Yelp,Positive,Positive,0.624
"I probably won't be back, to be honest.",0,Yelp,Negative,Positive,0.5106
will definitely be back!,1,Yelp,Positive,Positive,0.4574
The sergeant pepper beef sandwich with auju sauce is an excellent sandwich as well.,1,Yelp,Positive,Positive,0.7003
"Hawaiian Breeze, Mango Magic, and Pineapple Delight are the smoothies that I've tried so far and they're all good.",1,Yelp,Positive,Positive,0.7783
Went for lunch - service was slow.,0,Yelp,Negative,Neutral,0.0
"We had so much to say about the place before we walked in that he expected it to be amazing, but was quickly disappointed.",0,Yelp,Negative,Negative,-0.4118
I was mortified.,0,Yelp,Negative,Neutral,0.0
"Needless to say, we will never be back here again.",0,Yelp,Negative,Neutral,0.0
"Anyways, The food was definitely not filling at all, and for the price you pay you should expect more.",0,Yelp,Negative,Positive,0.3182
"The chips that came out were dripping with grease, and mostly not edible.",0,Yelp,Negative,Neutral,0.0
I wasn't really impressed with Strip Steak.,0,Yelp,Negative,Negative,-0.4158
Have been going since 2007 and every meal has been awesome!!,1,Yelp,Positive,Positive,0.6892
Our server was very nice and attentive as were the other serving staff.,1,Yelp,Positive,Positive,0.4754
The cashier was friendly and even brought the food out to me.,1,Yelp,Positive,Positive,0.4939
I work in the hospitality industry in Paradise Valley and have refrained from recommending Cibo any longer.,0,Yelp,Negative,Positive,0.6369
The atmosphere here is fun.,1,Yelp,Positive,Positive,0.5106
Would not recommend to others.,0,Yelp,Negative,Negative,-0.2755
"Service is quick and even ""to go"" orders are just like we like it!",1,Yelp,Positive,Positive,0.6476
"I mean really, how do you get so famous for your fish and chips when it's so terrible!?!",0,Yelp,Negative,Negative,-0.6783
"That said, our mouths and bellies were still quite pleased.",1,Yelp,Positive,Positive,0.4927
Not my thing.,0,Yelp,Negative,Neutral,0.0
2 Thumbs Up!!,1,Yelp,Positive,Neutral,0.0
If you are reading this please don't go there.,0,Yelp,Negative,Positive,0.3869
"I loved the grilled pizza, reminded me of legit Italian pizza.",1,Yelp,Positive,Positive,0.5994
Only Pros : Large seating area/ Nice bar area/ Great simple drink menu/ The BEST brick oven pizza with homemade dough!,1,Yelp,Positive,Positive,0.9205
They have a really nice atmosphere.,1,Yelp,Positive,Positive,0.4754
Tonight I had the Elk Filet special...and it sucked.,0,Yelp,Negative,Negative,-0.4588
"After one bite, I was hooked.",1,Yelp,Positive,Neutral,0.0
We ordered some old classics and some new dishes after going there a few times and were sorely disappointed with everything.,0,Yelp,Negative,Negative,-0.4767
"Cute, quaint, simple, honest.",1,Yelp,Positive,Positive,0.743
The chicken was deliciously seasoned and had the perfect fry on the outside and moist chicken on the inside.,1,Yelp,Positive,Positive,0.765
"The food was great as always, compliments to the chef.",1,Yelp,Positive,Positive,0.7783
Special thanks to Dylan T. for the recommendation on what to order :) All yummy for my tummy.,1,Yelp,Positive,Positive,0.9001
Awesome selection of beer.,1,Yelp,Positive,Positive,0.6249
Great food and awesome service!,1,Yelp,Positive,Positive,0.8588
"One nice thing was that they added gratuity on the bill since our party was larger than 6 or 8, and they didn't expect more tip than that.",1,Yelp,Positive,Positive,0.6705
A FLY was in my apple juice.. A FLY!!!!!!!!,0,Yelp,Negative,Neutral,0.0
The Han Nan Chicken was also very tasty.,1,Yelp,Positive,Neutral,0.0
"As for the service, I thought it was good.",1,Yelp,Positive,Positive,0.4404
"The food was barely lukewarm, so it must have been sitting waiting for the server to bring it out to us.",0,Yelp,Negative,Neutral,0.0
Ryan's Bar is definitely one Edinburgh establishment I won't be revisiting.,0,Yelp,Negative,Positive,0.4019
Nicest Chinese restaurant I've been in a while.,1,Yelp,Positive,Positive,0.4939
"Overall, I like there food and the service.",1,Yelp,Positive,Positive,0.3612
They also now serve Indian naan bread with hummus and some spicy pine nut sauce that was out of this world.,1,Yelp,Positive,Neutral,0.0
"Probably never coming back, and wouldn't recommend it.",0,Yelp,Negative,Negative,-0.2755
"Friend's pasta -- also bad, he barely touched it.",0,Yelp,Negative,Negative,-0.5423
"Try them in the airport to experience some tasty food and speedy, friendly service.",1,Yelp,Positive,Positive,0.4939
I love the decor with the Chinese calligraphy wall paper.,1,Yelp,Positive,Positive,0.6369
Never had anything to complain about here.,1,Yelp,Positive,Negative,-0.3612
The restaurant is very clean and has a family restaurant feel to it.,1,Yelp,Positive,Positive,0.4576
It was way over fried.,0,Yelp,Negative,Neutral,0.0
I'm not sure how long we stood there but it was long enough for me to begin to feel awkwardly out of place.,0,Yelp,Negative,Negative,-0.5316
"When I opened the sandwich, I was impressed, but not in a good way.",0,Yelp,Negative,Negative,-0.2638
Will not be back!,0,Yelp,Negative,Neutral,0.0
There was a warm feeling with the service and I felt like their guest for a special treat.,1,Yelp,Positive,Positive,0.8519
An extensive menu provides lots of options for breakfast.,1,Yelp,Positive,Neutral,0.0
"I always order from the vegetarian menu during dinner, which has a wide array of options to choose from.",1,Yelp,Positive,Neutral,0.0
"I have watched their prices inflate, portions get smaller and management attitudes grow rapidly!",0,Yelp,Negative,Neutral,0.0
Wonderful lil tapas and the ambience made me feel all warm and fuzzy inside.,1,Yelp,Positive,Positive,0.6808
"I got to enjoy the seafood salad, with a fabulous vinegrette.",1,Yelp,Positive,Positive,0.765
"The wontons were thin, not thick and chewy, almost melt in your mouth.",1,Yelp,Positive,Neutral,0.0
"Level 5 spicy was perfect, where spice didn't over-whelm the soup.",1,Yelp,Positive,Positive,0.5719
We were sat right on time and our server from the get go was FANTASTIC!,1,Yelp,Positive,Positive,0.6833
"Main thing I didn't enjoy is that the crowd is of older crowd, around mid 30s and up.",0,Yelp,Negative,Negative,-0.3875
"When I'm on this side of town, this will definitely be a spot I'll hit up again!",1,Yelp,Positive,Positive,0.4574
I had to wait over 30 minutes to get my drink and longer to get 2 arepas.,0,Yelp,Negative,Neutral,0.0
This is a GREAT place to eat!,1,Yelp,Positive,Positive,0.729
The jalapeno bacon is soooo good.,1,Yelp,Positive,Positive,0.4404
The service was poor and thats being nice.,0,Yelp,Negative,Negative,-0.0772
"Food was good, service was good, Prices were good.",1,Yelp,Positive,Positive,0.8271
The place was not clean and the food oh so stale!,0,Yelp,Negative,Negative,-0.3716
"The chicken dishes are OK, the beef is like shoe leather.",0,Yelp,Negative,Positive,0.3612
But the service was beyond bad.,0,Yelp,Negative,Negative,-0.6956
"I'm so happy to be here!!!""",1,Yelp,Positive,Positive,0.7067
Tasted like dirt.,0,Yelp,Negative,Neutral,0.0258
One of the few places in Phoenix that I would definately go back to again .,1,Yelp,Positive,Neutral,0.0
The block was amazing.,1,Yelp,Positive,Positive,0.2263
"It's close to my house, it's low-key, non-fancy, affordable prices, good food.",1,Yelp,Positive,Positive,0.4404
* Both the Hot & Sour & the Egg Flower Soups were absolutely 5 Stars!,1,Yelp,Positive,Neutral,0.0
My sashimi was poor quality being soggy and tasteless.,0,Yelp,Negative,Negative,-0.4767
Great time - family dinner on a Sunday night.,1,Yelp,Positive,Positive,0.6249
"the food is not tasty at all, not to say its ""real traditional Hunan style"".",0,Yelp,Negative,Neutral,0.0
"What did bother me, was the slow service.",0,Yelp,Negative,Negative,-0.34
The flair bartenders are absolutely amazing!,1,Yelp,Positive,Positive,0.6581
Their frozen margaritas are WAY too sugary for my taste.,0,Yelp,Negative,Neutral,0.0
These were so good we ordered them twice.,1,Yelp,Positive,Positive,0.5777
So in a nutshell: 1) The restaraunt smells like a combination of a dirty fish market and a sewer.,0,Yelp,Negative,Negative,-0.1027
My girlfriend's veal was very bad.,0,Yelp,Negative,Negative,-0.5849
"Unfortunately, it was not good.",0,Yelp,Negative,Negative,-0.5867
I had a pretty satifying experience.,1,Yelp,Positive,Positive,0.4939
Join the club and get awesome offers via email.,1,Yelp,Positive,Positive,0.743
"Perfect for someone (me) who only likes beer ice cold, or in this case, even colder.",1,Yelp,Positive,Positive,0.7579
Bland and flavorless is a good way of describing the barely tepid meat.,0,Yelp,Negative,Positive,0.4404
"The chains, which I'm no fan of, beat this place easily.",0,Yelp,Negative,Positive,0.1124
The nachos are a MUST HAVE!,1,Yelp,Positive,Neutral,0.0
We will not be coming back.,0,Yelp,Negative,Neutral,0.0
"I don't have very many words to say about this place, but it does everything pretty well.",1,Yelp,Positive,Positive,0.7876
"The staff is super nice and very quick even with the crazy crowds of the downtown juries, lawyers, and court staff.",1,Yelp,Positive,Positive,0.6486
"Great atmosphere, friendly and fast service.",1,Yelp,Positive,Positive,0.8074
When I received my Pita it was huge it did have a lot of meat in it so thumbs up there.,1,Yelp,Positive,Negative,-0.2732
Once your food arrives it's meh.,0,Yelp,Negative,Negative,-0.0772
Paying $7.85 for a hot dog and fries that looks like it came out of a kid's meal at the Wienerschnitzel is not my idea of a good meal.,0,Yelp,Negative,Positive,0.6597
The classic Maine Lobster Roll was fantastic.,1,Yelp,Positive,Positive,0.5574
"My brother in law who works at the mall ate here same day, and guess what he was sick all night too.",0,Yelp,Negative,Negative,-0.5106
So good I am going to have to review this place twice - once hereas a tribute to the place and once as a tribute to an event held here last night.,1,Yelp,Positive,Positive,0.4927
"The chips and salsa were really good, the salsa was very fresh.",1,Yelp,Positive,Positive,0.699
This place is great!!!!!!!!!!!!!!,1,Yelp,Positive,Positive,0.7405
Mediocre food.,0,Yelp,Negative,Neutral,0.0
Once you get inside you'll be impressed with the place.,1,Yelp,Positive,Positive,0.4767
I'm super pissd.,0,Yelp,Negative,Positive,0.5994
And service was super friendly.,1,Yelp,Positive,Positive,0.7964
Why are these sad little vegetables so overcooked?,0,Yelp,Negative,Negative,-0.4767
This place was such a nice surprise!,1,Yelp,Positive,Positive,0.636
They were golden-crispy and delicious.,1,Yelp,Positive,Positive,0.5719
"I had high hopes for this place since the burgers are cooked over a charcoal grill, but unfortunately the taste fell flat, way flat.",0,Yelp,Negative,Negative,-0.296
I could eat their bruschetta all day it is devine.,1,Yelp,Positive,Neutral,0.0
Not a single employee came out to see if we were OK or even needed a water refill once they finally served us our food.,0,Yelp,Negative,Positive,0.4466
"Lastly, the mozzarella sticks, they were the best thing we ordered.",1,Yelp,Positive,Positive,0.6369
"The first time I ever came here I had an amazing experience, I still tell people how awesome the duck was.",1,Yelp,Positive,Positive,0.836
The server was very negligent of our needs and made us feel very unwelcome... I would not suggest this place!,0,Yelp,Negative,Negative,-0.5081
The service was terrible though.,0,Yelp,Negative,Negative,-0.4767
"This place is overpriced, not consistent with their boba, and it really is OVERPRICED!",0,Yelp,Negative,Neutral,0.0
It was packed!!,0,Yelp,Negative,Neutral,0.0
I love this place.,1,Yelp,Positive,Positive,0.6369
I can say that the desserts were yummy.,1,Yelp,Positive,Positive,0.5267
The food was terrible.,0,Yelp,Negative,Negative,-0.4767
The seasonal fruit was fresh white peach puree.,1,Yelp,Positive,Positive,0.3182
It kept getting worse and worse so now I'm officially done.,0,Yelp,Negative,Negative,-0.7351
This place should honestly be blown up.,0,Yelp,Negative,Positive,0.4588
But I definitely would not eat here again.,0,Yelp,Negative,Positive,0.5499
Do not waste your money here!,0,Yelp,Negative,Positive,0.3867
I love that they put their food in nice plastic containers as opposed to cramming it in little paper takeout boxes.,1,Yelp,Positive,Positive,0.7906
The crêpe was delicate and thin and moist.,1,Yelp,Positive,Positive,0.0516
Awful service.,0,Yelp,Negative,Negative,-0.4588
Won't ever go here again.,0,Yelp,Negative,Neutral,0.0
Food quality has been horrible.,0,Yelp,Negative,Negative,-0.5423
For that price I can think of a few place I would have much rather gone.,0,Yelp,Negative,Neutral,0.0
The service here is fair at best.,0,Yelp,Negative,Positive,0.7579
"I do love sushi, but I found Kabuki to be over-priced, over-hip and under-services.",0,Yelp,Negative,Positive,0.3818
Do yourself a favor and stay away from this dish.,0,Yelp,Negative,Positive,0.4019
Very poor service.,0,Yelp,Negative,Negative,-0.5256
No one at the table thought the food was above average or worth the wait that we had for it.,0,Yelp,Negative,Negative,-0.0772
"Best service and food ever, Maria our server was so good and friendly she made our day.",1,Yelp,Positive,Positive,0.9082
They were excellent.,1,Yelp,Positive,Positive,0.5719
I paid the bill but did not tip because I felt the server did a terrible job.,0,Yelp,Negative,Negative,-0.631
Just had lunch here and had a great experience.,1,Yelp,Positive,Positive,0.6249
I have never had such bland food which surprised me considering the article we read focused so much on their spices and flavor.,0,Yelp,Negative,Positive,0.5423
Food is way overpriced and portions are fucking small.,0,Yelp,Negative,Neutral,0.0
I recently tried Caballero's and I have been back every week since!,1,Yelp,Positive,Neutral,0.0
"for 40 bucks a head, i really expect better food.",0,Yelp,Negative,Positive,0.4902
The food came out at a good pace.,1,Yelp,Positive,Positive,0.4404
"I ate there twice on my last visit, and especially enjoyed the salmon salad.",1,Yelp,Positive,Positive,0.5563
I won't be back.,0,Yelp,Negative,Neutral,0.0
We could not believe how dirty the oysters were!,0,Yelp,Negative,Positive,0.4015
This place deserves no stars.,0,Yelp,Negative,Negative,-0.296
I would not recommend this place.,0,Yelp,Negative,Negative,-0.2755
"In fact I'm going to round up to 4 stars, just because she was so awesome.",1,Yelp,Positive,Positive,0.7384
"To my disbelief, each dish qualified as the worst version of these foods I have ever tasted.",0,Yelp,Negative,Negative,-0.6249
"Bad day or not, I have a very low tolerance for rude customer service people, it is your job to be nice and polite, wash dishes otherwise!!",0,Yelp,Negative,Negative,-0.6368
the potatoes were great and so was the biscuit.,1,Yelp,Positive,Positive,0.6249
I probably would not go here again.,0,Yelp,Negative,Neutral,0.0
So flavorful and has just the perfect amount of heat.,1,Yelp,Positive,Positive,0.5719
The price is reasonable and the service is great.,1,Yelp,Positive,Positive,0.6249
"The Wife hated her meal (coconut shrimp), and our friends really did not enjoy their meals, either.",0,Yelp,Negative,Negative,-0.6113
My fella got the huevos rancheros and they didn't look too appealing.,0,Yelp,Negative,Neutral,0.0
"Went in for happy hour, great list of wines.",1,Yelp,Positive,Positive,0.8316
Some may say this buffet is pricey but I think you get what you pay for and this place you are getting quite a lot!,1,Yelp,Positive,Negative,-0.2244
I probably won't be coming back here.,0,Yelp,Negative,Neutral,0.0
Worst food/service I've had in a while.,0,Yelp,Negative,Negative,-0.6249
"This place is pretty good, nice little vibe in the restaurant.",1,Yelp,Positive,Positive,0.836
Talk about great customer service of course we will be back.,1,Yelp,Positive,Positive,0.6249
"Hot dishes are not hot, cold dishes are close to room temp.I watched staff prepare food with BARE HANDS, no gloves.Everything is deep fried in oil.",0,Yelp,Negative,Negative,-0.296
I love their fries and their beans.,1,Yelp,Positive,Positive,0.6369
Always a pleasure dealing with him.,1,Yelp,Positive,Positive,0.5719
"They have a plethora of salads and sandwiches, and everything I've tried gets my seal of approval.",1,Yelp,Positive,Positive,0.4767
This place is awesome if you want something light and healthy during the summer.,1,Yelp,Positive,Positive,0.7964
"For sushi on the Strip, this is the place to go.",1,Yelp,Positive,Neutral,0.0
"The service was great, even the manager came and helped with our table.",1,Yelp,Positive,Positive,0.6249
The feel of the dining room was more college cooking course than high class dining and the service was slow at best.,0,Yelp,Negative,Positive,0.6369
"I started this review with two stars, but I'm editing it to give it only one.",0,Yelp,Negative,Neutral,0.0
this is the worst sushi i have ever eat besides Costco's.,0,Yelp,Negative,Negative,-0.6249
"All in all an excellent restaurant highlighted by great service, a unique menu, and a beautiful setting.",1,Yelp,Positive,Positive,0.9136
My boyfriend and i sat at the bar and had a completely delightful experience.,1,Yelp,Positive,Positive,0.624
Weird vibe from owners.,0,Yelp,Negative,Negative,-0.1779
There was hardly any meat.,0,Yelp,Negative,Neutral,0.0
I've had better bagels from the grocery store.,0,Yelp,Negative,Positive,0.4404
Go To Place for Gyros.,1,Yelp,Positive,Neutral,0.0
"I love the owner/chef, his one authentic Japanese cool dude!",1,Yelp,Positive,Positive,0.7777
"Now the burgers aren't as good, the pizza which used to be amazing is doughy and flavorless.",0,Yelp,Negative,Positive,0.3387
I found a six inch long piece of wire in my salsa.,0,Yelp,Negative,Neutral,0.0
"The service was terrible, food was mediocre.",0,Yelp,Negative,Negative,-0.4767
We definately enjoyed ourselves.,1,Yelp,Positive,Positive,0.5106
I ordered Albondigas soup - which was just warm - and tasted like tomato soup with frozen meatballs.,0,Yelp,Negative,Positive,0.5267
"On three different occasions I asked for well done or medium well, and all three times I got the bloodiest piece of meat on my plate.",0,Yelp,Negative,Positive,0.4939
I had about two bites and refused to eat anymore.,0,Yelp,Negative,Negative,-0.296
The service was extremely slow.,0,Yelp,Negative,Neutral,0.0
"After 20 minutes wait, I got a table.",0,Yelp,Negative,Neutral,0.0
Seriously killer hot chai latte.,1,Yelp,Positive,Negative,-0.7184
"No allergy warnings on the menu, and the waitress had absolutely no clue as to which meals did or did not contain peanuts.",0,Yelp,Negative,Negative,-0.4224
My boyfriend tried the Mediterranean Chicken Salad and fell in love.,1,Yelp,Positive,Positive,0.6369
Their rotating beers on tap is also a highlight of this place.,1,Yelp,Positive,Positive,0.34
Pricing is a bit of a concern at Mellow Mushroom.,0,Yelp,Negative,Neutral,0.0
Worst Thai ever.,0,Yelp,Negative,Negative,-0.6249
If you stay in Vegas you must get breakfast here at least once.,1,Yelp,Positive,Neutral,0.0
I want to first say our server was great and we had perfect service.,1,Yelp,Positive,Positive,0.8442
The pizza selections are good.,1,Yelp,Positive,Positive,0.4404
"I had strawberry tea, which was good.",1,Yelp,Positive,Positive,0.4404
Highly unprofessional and rude to a loyal patron!,0,Yelp,Negative,Negative,-0.6185
"Overall, a great experience.",1,Yelp,Positive,Positive,0.6249
Spend your money elsewhere.,0,Yelp,Negative,Neutral,0.0
Their regular toasted bread was equally satisfying with the occasional pats of butter... Mmmm...!,1,Yelp,Positive,Positive,0.5093
The Buffet at Bellagio was far from what I anticipated.,0,Yelp,Negative,Neutral,0.0
"And the drinks are WEAK, people!",0,Yelp,Negative,Negative,-0.6027
-My order was not correct.,0,Yelp,Negative,Neutral,0.0
"Also, I feel like the chips are bought, not made in house.",0,Yelp,Negative,Positive,0.3612
After the disappointing dinner we went elsewhere for dessert.,0,Yelp,Negative,Negative,-0.4939
The chips and sals a here is amazing!!!!!!!!!!!!!!!!!!!,1,Yelp,Positive,Positive,0.7156
We won't be returning.,0,Yelp,Negative,Neutral,0.0
This is my new fav Vegas buffet spot.,1,Yelp,Positive,Positive,0.4588
I seriously cannot believe that the owner has so many unexperienced employees that all are running around like chickens with their heads cut off.,0,Yelp,Negative,Negative,-0.0772
"Very, very sad.",0,Yelp,Negative,Negative,-0.5678
"i felt insulted and disrespected, how could you talk and judge another human being like that?",0,Yelp,Negative,Negative,-0.5859
"How can you call yourself a steakhouse if you can't properly cook a steak, I don't understand!",0,Yelp,Negative,Neutral,0.0
I'm not impressed with the concept or the food.,0,Yelp,Negative,Negative,-0.3724
The only thing I wasn't too crazy about was their guacamole as I don't like it puréed.,0,Yelp,Negative,Neutral,-0.0191
"There is really nothing for me at postinos, hope your experience is better",0,Yelp,Negative,Positive,0.7003
I got food poisoning here at the buffet.,0,Yelp,Negative,Negative,-0.5859
They brought a fresh batch of fries and I was thinking yay something warm but no!,0,Yelp,Negative,Positive,0.5562
"What SHOULD have been a hilarious, yummy Christmas Eve dinner to remember was the biggest fail of the entire trip for us.",0,Yelp,Negative,Positive,0.3818
"Needless to say, I won't be going back anytime soon.",0,Yelp,Negative,Neutral,0.0
This place is disgusting!,0,Yelp,Negative,Negative,-0.5707
"Every time I eat here, I see caring teamwork to a professional degree.",1,Yelp,Positive,Positive,0.4939
The RI style calamari was a joke.,0,Yelp,Negative,Positive,0.296
"However, there was so much garlic in the fondue, it was barely edible.",0,Yelp,Negative,Neutral,0.0
"I could barely stomach the meal, but didn't complain because it was a business lunch.",0,Yelp,Negative,Positive,0.395
"It was so bad, I had lost the heart to finish it.",0,Yelp,Negative,Negative,-0.38
It also took her forever to bring us the check when we asked for it.,0,Yelp,Negative,Neutral,0.0
We aren't ones to make a scene at restaurants but I just don't get it...definitely lost the love after this one!,0,Yelp,Negative,Positive,0.8603
Disappointing experience.,0,Yelp,Negative,Negative,-0.4939
"The food is about on par with Denny's, which is to say, not good at all.",0,Yelp,Negative,Negative,-0.3412
"If you want to wait for mediocre food and downright terrible service, then this is the place for you.",0,Yelp,Negative,Negative,-0.4215
WAAAAAAyyyyyyyyyy over rated is all I am saying.,0,Yelp,Negative,Neutral,0.0
We won't be going back.,0,Yelp,Negative,Neutral,0.0
The place was fairly clean but the food simply wasn't worth it.,0,Yelp,Negative,Neutral,-0.0384
This place lacked style!!,0,Yelp,Negative,Neutral,0.0
"The sangria was about half of a glass wine full and was $12, ridiculous.",0,Yelp,Negative,Negative,-0.3612
Don't bother coming here.,0,Yelp,Negative,Positive,0.2584
"The meat was pretty dry, I had the sliced brisket and pulled pork.",0,Yelp,Negative,Positive,0.4939
"The building itself seems pretty neat; the bathroom is pretty trippy, but I wouldn't eat here again.",0,Yelp,Negative,Positive,0.6369
It was equally awful.,0,Yelp,Negative,Negative,-0.4588
Probably not in a hurry to go back.,0,Yelp,Negative,Neutral,0.0
very slow at seating even with reservation.,0,Yelp,Negative,Neutral,0.0
Not good by any stretch of the imagination.,0,Yelp,Negative,Negative,-0.3412
The cashew cream sauce was bland and the vegetables were undercooked.,0,Yelp,Negative,Neutral,0.0
"The chipolte ranch dipping sause was tasteless, seemed thin and watered down with no heat.",0,Yelp,Negative,Negative,-0.296
"It was a bit too sweet, not really spicy enough, and lacked flavor.",0,Yelp,Negative,Positive,0.4588
I was VERY disappointed!!,0,Yelp,Negative,Negative,-0.6917
This place is horrible and way overpriced.,0,Yelp,Negative,Negative,-0.5423
"Maybe it's just their Vegetarian fare, but I've been twice and I thought it was average at best.",0,Yelp,Negative,Positive,0.7783
It wasn't busy at all and now we know why.,0,Yelp,Negative,Neutral,0.0
The tables outside are also dirty a lot of the time and the workers are not always friendly and helpful with the menu.,0,Yelp,Negative,Negative,-0.4075
"The ambiance here did not feel like a buffet setting, but more of a douchey indoor garden for tea and biscuits.",0,Yelp,Negative,Negative,-0.1419
Con: spotty service.,0,Yelp,Negative,Neutral,0.0
"The fries were not hot, and neither was my burger.",0,Yelp,Negative,Neutral,0.0
But then they came back cold.,0,Yelp,Negative,Neutral,0.0
"Then our food came out, disappointment ensued.",0,Yelp,Negative,Negative,-0.5106
The real disappointment was our waiter.,0,Yelp,Negative,Negative,-0.5106
My husband said she was very rude... did not even apologize for the bad food or anything.,0,Yelp,Negative,Negative,-0.7958
The only reason to eat here would be to fill up before a night of binge drinking just to get some carbs in your stomach.,0,Yelp,Negative,Neutral,0.0
"Insults, profound deuchebaggery, and had to go outside for a smoke break while serving just to solidify it.",0,Yelp,Negative,Negative,-0.4215
If someone orders two tacos don't' you think it may be part of customer service to ask if it is combo or ala cart?,0,Yelp,Negative,Neutral,0.0
She was quite disappointed although some blame needs to be placed at her door.,0,Yelp,Negative,Negative,-0.6997
After all the rave reviews I couldn't wait to eat here......what a disappointment!,0,Yelp,Negative,Negative,-0.5562
Del Taco is pretty nasty and should be avoided if possible.,0,Yelp,Negative,Negative,-0.4215
It's NOT hard to make a decent hamburger.,0,Yelp,Negative,Positive,0.0762
But I don't like it.,0,Yelp,Negative,Negative,-0.395
Hell no will I go back,0,Yelp,Negative,Negative,-0.7783
We've have gotten a much better service from the pizza place next door than the services we received from this restaurant.,0,Yelp,Negative,Positive,0.4404
"I don't know what the big deal is about this place, but I won't be back ""ya'all"".",0,Yelp,Negative,Neutral,0.0
I immediately said I wanted to talk to the manager but I did not want to talk to the guy who was doing shots of fireball behind the bar.,0,Yelp,Negative,Negative,-0.0857
The ambiance isn't much better.,0,Yelp,Negative,Negative,-0.3412
"Unfortunately, it only set us up for disapppointment with our entrees.",0,Yelp,Negative,Negative,-0.34
The food wasn't good.,0,Yelp,Negative,Negative,-0.3412
"Your servers suck, wait, correction, our server Heimer sucked.",0,Yelp,Negative,Negative,-0.7096
What happened next was pretty....off putting.,0,Yelp,Negative,Neutral,0.0
"too bad cause I know it's family owned, I really wanted to like this place.",0,Yelp,Negative,Negative,-0.1868
Overpriced for what you are getting.,0,Yelp,Negative,Neutral,0.0
I vomited in the bathroom mid lunch.,0,Yelp,Negative,Neutral,0.0
"I kept looking at the time and it had soon become 35 minutes, yet still no food.",0,Yelp,Negative,Negative,-0.296
"I have been to very few places to eat that under no circumstances would I ever return to, and this tops the list.",0,Yelp,Negative,Positive,0.397
We started with the tuna sashimi which was brownish in color and obviously wasn't fresh.,0,Yelp,Negative,Negative,-0.2411
Food was below average.,0,Yelp,Negative,Neutral,0.0
It sure does beat the nachos at the movies but I would expect a little bit more coming from a restaurant.,0,Yelp,Negative,Positive,0.1655
"All in all, Ha Long Bay was a bit of a flop.",0,Yelp,Negative,Neutral,0.0
The problem I have is that they charge $11.99 for a sandwich that is no bigger than a Subway sub (which offers better and more amount of vegetables).,0,Yelp,Negative,Negative,-0.25
Shrimp- When I unwrapped it (I live only 1/2 a mile from Brushfire) it was literally ice cold.,0,Yelp,Negative,Neutral,0.0
"It lacked flavor, seemed undercooked, and dry.",0,Yelp,Negative,Neutral,0.0
It really is impressive that the place hasn't closed down.,0,Yelp,Negative,Positive,0.5542
I would avoid this place if you are staying in the Mirage.,0,Yelp,Negative,Negative,-0.296
The refried beans that came with my meal were dried out and crusty and the food was bland.,0,Yelp,Negative,Neutral,0.0
Spend your money and time some place else.,0,Yelp,Negative,Neutral,0.0
A lady at the table next to us found a live green caterpillar In her salad.,0,Yelp,Negative,Neutral,0.0
the presentation of the food was awful.,0,Yelp,Negative,Negative,-0.4588
I can't tell you how disappointed I was.,0,Yelp,Negative,Negative,-0.4767
I think food should have flavor and texture and both were lacking.,0,Yelp,Negative,Neutral,0.0
Appetite instantly gone.,0,Yelp,Negative,Neutral,0.0
Overall I was not impressed and would not go back.,0,Yelp,Negative,Negative,-0.3724
"The whole experience was underwhelming, and I think we'll just go to Ninja Sushi next time.",0,Yelp,Negative,Neutral,0.0
"Then, as if I hadn't wasted enough of my life there, they poured salt in the wound by drawing out the time it took to bring the check.",0,Yelp,Negative,Positive,0.3875
